Date|,Time|,Temperature|F,Dew Point|F,Humidity|%,Wind|,Wind Speed|mph,Wind Gust|mph,Pressure|in,Precip.|in,Condition|
2018-01-01,12:00 AM,50,41,71,SW,12,0,29.22,0.0,Fair
2018-01-01,12:30 AM,50,41,71,SW,10,0,29.22,0.0,Fair
2018-01-01,1:00 AM,50,41,71,SSW,13,0,29.22,0.0,Fair
2018-01-01,1:30 AM,50,41,71,SW,13,0,29.22,0.0,Fair
2018-01-01,2:00 AM,50,41,71,SW,13,0,29.22,0.0,Fair
2018-01-01,2:30 AM,50,41,71,SW,14,0,29.22,0.0,Fair
2018-01-01,3:00 AM,50,41,71,SSW,10,0,29.20,0.0,Fair
2018-01-01,3:30 AM,50,41,71,SSW,9,0,29.20,0.0,Fair
2018-01-01,4:00 AM,50,39,66,SW,14,0,29.20,0.0,Fair
2018-01-01,4:30 AM,50,39,66,SSW,13,0,29.20,0.0,Fair
2018-01-01,5:00 AM,50,39,66,SSW,12,0,29.20,0.0,Fair
2018-01-01,5:30 AM,50,39,66,SSW,14,0,29.17,0.0,Fair
2018-01-01,6:00 AM,50,39,66,SSW,14,25,29.17,0.0,Fair
2018-01-01,6:30 AM,50,39,66,SW,13,0,29.20,0.0,Fair
2018-01-01,7:00 AM,50,39,66,WSW,14,0,29.20,0.0,Fair
2018-01-01,7:30 AM,50,39,66,WSW,10,0,29.20,0.0,Fair
2018-01-01,8:00 AM,50,39,66,SW,12,0,29.20,0.0,Fair
2018-01-01,8:30 AM,50,39,66,SW,12,0,29.22,0.0,Fair
2018-01-01,9:00 AM,48,39,71,SW,8,0,29.22,0.0,Fair
2018-01-01,9:30 AM,48,39,71,SW,12,0,29.22,0.0,Fair
2018-01-01,10:00 AM,48,39,71,SW,13,0,29.25,0.0,Fair
2018-01-01,10:30 AM,48,39,71,WSW,13,0,29.25,0.0,Fair
2018-01-01,11:00 AM,48,39,71,SW,13,0,29.25,0.0,Fair
2018-01-01,11:30 AM,48,39,71,SW,10,0,29.25,0.0,Fair
2018-01-01,12:00 PM,48,39,71,SW,9,0,29.25,0.0,Fair
2018-01-01,12:30 PM,48,39,71,WSW,9,0,29.25,0.0,Fair
2018-01-01,1:00 PM,50,39,66,WSW,10,0,29.25,0.0,Fair
2018-01-01,1:30 PM,50,39,66,WSW,9,0,29.25,0.0,Partly Cloudy
2018-01-01,2:00 PM,50,37,62,WSW,12,0,29.25,0.0,Mostly Cloudy
2018-01-01,2:30 PM,48,37,66,W,12,0,29.25,0.0,Mostly Cloudy
2018-01-01,3:00 PM,48,36,62,W,9,0,29.25,0.0,Partly Cloudy
2018-01-01,3:30 PM,48,36,62,WSW,7,0,29.25,0.0,Partly Cloudy
2018-01-01,4:00 PM,46,36,66,SW,5,0,29.25,0.0,Partly Cloudy
2018-01-01,4:30 PM,46,37,71,SW,8,0,29.25,0.0,Fair
2018-01-01,5:00 PM,46,36,66,WSW,8,0,29.25,0.0,Partly Cloudy
2018-01-01,5:30 PM,45,36,71,SSW,7,0,29.25,0.0,Fair
2018-01-01,6:00 PM,45,34,66,SSW,6,0,29.25,0.0,Fair
2018-01-01,6:30 PM,43,34,70,SW,8,0,29.25,0.0,Fair
2018-01-01,7:00 PM,43,34,70,SW,8,0,29.25,0.0,Partly Cloudy
2018-01-01,7:30 PM,41,34,76,SSW,5,0,29.25,0.0,Fair
2018-01-01,8:00 PM,41,34,76,SW,6,0,29.25,0.0,Fair
2018-01-01,8:30 PM,41,34,76,SSW,6,0,29.25,0.0,Fair
2018-01-01,9:00 PM,41,34,76,SSW,7,0,29.25,0.0,Fair
2018-01-01,9:30 PM,39,32,75,S,6,0,29.25,0.0,Fair
2018-01-01,10:00 PM,39,32,75,SSW,6,0,29.25,0.0,Fair
2018-01-01,10:30 PM,37,30,75,SSW,6,0,29.25,0.0,Fair
2018-01-01,11:00 PM,36,32,87,SSE,8,0,29.25,0.0,Fair
2018-01-01,11:30 PM,34,28,81,SSE,7,0,29.25,0.0,Fair
2018-01-02,12:00 AM,36,30,81,SSE,7,0,29.25,0.0,Fair
2018-01-02,12:30 AM,37,30,75,S,7,0,29.25,0.0,Fair
2018-01-02,1:00 AM,37,32,81,S,8,0,29.25,0.0,Fair
2018-01-02,1:30 AM,37,30,75,S,7,0,29.22,0.0,Fair
2018-01-02,2:00 AM,32,28,87,ESE,9,0,29.25,0.0,Fair
2018-01-02,2:30 AM,34,30,87,SSE,8,0,29.22,0.0,Fair
2018-01-02,3:00 AM,37,30,75,S,12,0,29.22,0.0,Fair
2018-01-02,3:30 AM,37,30,75,S,9,0,29.22,0.0,Fair
2018-01-02,4:00 AM,36,30,81,SSE,10,0,29.22,0.0,Fair
2018-01-02,4:30 AM,37,32,81,SSE,9,0,29.20,0.0,Fair
2018-01-02,5:00 AM,39,32,75,SSE,7,0,29.20,0.0,Fair
2018-01-02,5:30 AM,37,32,81,SSE,10,0,29.20,0.0,Fair
2018-01-02,6:00 AM,37,30,75,SSE,10,0,29.20,0.0,Fair
2018-01-02,6:30 AM,36,30,81,SSE,7,0,29.20,0.0,Fair
2018-01-02,7:00 AM,36,30,81,SSE,8,0,29.20,0.0,Fair
2018-01-02,7:30 AM,34,30,87,SE,7,0,29.20,0.0,Fair
2018-01-02,8:00 AM,32,30,93,SE,8,0,29.22,0.0,Mostly Cloudy
2018-01-02,8:30 AM,36,32,87,SE,8,0,29.22,0.0,Mostly Cloudy
2018-01-02,9:00 AM,37,32,81,SSE,6,0,29.22,0.0,Mostly Cloudy
2018-01-02,9:30 AM,37,34,87,S,5,0,29.25,0.0,Mostly Cloudy
2018-01-02,10:00 AM,39,34,81,S,3,0,29.25,0.0,Mostly Cloudy
2018-01-02,10:30 AM,41,36,81,S,5,0,29.25,0.0,Mostly Cloudy
2018-01-02,11:00 AM,39,36,87,SSE,6,0,29.25,0.0,Fair
2018-01-02,11:30 AM,41,36,81,S,3,0,29.28,0.0,Fair
2018-01-02,12:00 PM,43,36,76,SW,3,0,29.28,0.0,Mostly Cloudy
2018-01-02,12:30 PM,45,36,71,W,13,0,29.28,0.0,Mostly Cloudy
2018-01-02,1:00 PM,45,36,71,W,16,0,29.28,0.0,Mostly Cloudy
2018-01-02,1:30 PM,43,36,76,W,16,0,29.31,0.0,Mostly Cloudy
2018-01-02,2:00 PM,41,36,81,W,16,0,29.31,0.0,Mostly Cloudy
2018-01-02,2:30 PM,41,36,81,W,18,0,29.31,0.0,Mostly Cloudy
2018-01-02,3:00 PM,41,36,81,W,17,0,29.34,0.0,Mostly Cloudy
2018-01-02,3:30 PM,39,36,87,W,17,0,29.34,0.0,Light Rain
2018-01-02,4:00 PM,39,36,87,W,10,0,29.37,0.0,Light Rain
2018-01-02,4:30 PM,39,37,93,W,12,0,29.37,0.0,Light Rain
2018-01-02,5:00 PM,39,37,93,WNW,17,0,29.37,0.0,Light Rain
2018-01-02,5:30 PM,39,37,93,WNW,15,0,29.40,0.0,Light Rain
2018-01-02,6:00 PM,39,37,93,W,15,0,29.40,0.0,Mostly Cloudy
2018-01-02,6:30 PM,39,37,93,W,12,0,29.40,0.0,Mostly Cloudy
2018-01-02,7:00 PM,39,37,93,W,12,0,29.40,0.0,Mostly Cloudy
2018-01-02,7:30 PM,39,37,93,W,10,0,29.40,0.0,Mostly Cloudy
2018-01-02,8:00 PM,41,37,87,W,12,0,29.43,0.0,Mostly Cloudy
2018-01-02,8:30 PM,41,37,87,WNW,14,0,29.43,0.0,Light Rain
2018-01-02,9:00 PM,41,37,87,WNW,10,0,29.43,0.0,Light Rain Shower
2018-01-02,9:30 PM,39,36,87,WNW,10,0,29.43,0.0,Mostly Cloudy
2018-01-02,10:00 PM,39,36,87,W,7,0,29.43,0.0,Mostly Cloudy
2018-01-02,10:30 PM,39,36,87,W,7,0,29.43,0.0,Mostly Cloudy
2018-01-02,11:00 PM,39,36,87,WSW,5,0,29.43,0.0,Mostly Cloudy
2018-01-02,11:30 PM,39,36,87,WSW,7,0,29.43,0.0,Cloudy
2018-01-03,12:00 AM,39,34,81,WSW,7,0,29.43,0.0,Mostly Cloudy
2018-01-03,12:30 AM,39,34,81,WSW,7,0,29.43,0.0,Mostly Cloudy
2018-01-03,1:00 AM,39,34,81,WSW,7,0,29.43,0.0,Mostly Cloudy
2018-01-03,1:30 AM,39,34,81,WSW,7,0,29.40,0.0,Cloudy
2018-01-03,2:00 AM,39,34,81,SSW,5,0,29.40,0.0,Mostly Cloudy
2018-01-03,2:30 AM,39,34,81,SSW,6,0,29.37,0.0,Mostly Cloudy
2018-01-03,3:00 AM,37,34,87,S,6,0,29.37,0.0,Mostly Cloudy
2018-01-03,3:30 AM,36,32,87,S,6,0,29.34,0.0,Fair
2018-01-03,4:00 AM,36,32,87,S,5,0,29.31,0.0,Fair
2018-01-03,4:30 AM,34,30,87,S,7,0,29.28,0.0,Fair
2018-01-03,5:00 AM,36,30,81,S,8,0,29.28,0.0,Fair
2018-01-03,5:30 AM,34,30,87,SSE,10,0,29.25,0.0,Fair
2018-01-03,6:00 AM,34,30,87,SSE,12,0,29.22,0.0,Fair
2018-01-03,6:30 AM,34,30,87,SSE,10,0,29.20,0.0,Fair
2018-01-03,7:00 AM,36,30,81,SSE,14,0,29.17,0.0,Fair
2018-01-03,7:30 AM,36,30,81,SSE,16,0,29.11,0.0,Fair
2018-01-03,8:00 AM,36,30,81,SSE,17,0,29.11,0.0,Fair
2018-01-03,8:30 AM,37,30,75,SSE,18,0,29.05,0.0,Fair
2018-01-03,9:00 AM,37,30,75,SSE,15,0,29.02,0.0,Fair
2018-01-03,9:30 AM,36,30,81,SSE,16,0,28.99,0.0,Fair
2018-01-03,10:00 AM,37,30,75,S,18,0,28.96,0.0,Mostly Cloudy
2018-01-03,10:30 AM,37,30,75,S,23,0,28.93,0.0,Light Rain / Windy
2018-01-03,11:00 AM,37,32,81,SSE,16,0,28.88,0.0,Light Rain
2018-01-03,11:30 AM,39,32,75,S,12,0,28.85,0.0,Light Rain
2018-01-03,12:00 PM,37,32,81,SSE,12,0,28.85,0.0,Light Rain
2018-01-03,12:30 PM,37,34,87,S,17,0,28.82,0.0,Light Rain
2018-01-03,1:00 PM,39,34,81,S,22,0,28.79,0.0,Light Rain / Windy
2018-01-03,1:30 PM,37,34,87,S,16,0,28.79,0.0,Partly Cloudy
2018-01-03,2:00 PM,39,36,87,S,10,0,28.76,0.0,Mostly Cloudy
2018-01-03,2:30 PM,41,36,81,S,7,0,28.76,0.0,Partly Cloudy
2018-01-03,3:00 PM,41,37,87,SSW,8,0,28.79,0.0,Partly Cloudy
2018-01-03,3:30 PM,43,37,81,SW,15,0,28.82,0.0,Mostly Cloudy
2018-01-03,4:00 PM,43,37,81,SW,16,0,28.82,0.0,Partly Cloudy
2018-01-03,4:30 PM,45,37,76,WSW,22,0,28.85,0.0,Partly Cloudy / Windy
2018-01-03,5:00 PM,43,37,81,W,21,40,28.88,0.0,Light Rain Shower / Windy
2018-01-03,5:30 PM,41,37,87,WSW,9,0,28.90,0.0,Mostly Cloudy
2018-01-03,6:00 PM,43,36,76,WSW,14,0,28.90,0.0,Fair
2018-01-03,6:30 PM,43,34,70,WSW,15,0,28.90,0.0,Fair
2018-01-03,7:00 PM,43,34,70,W,15,0,28.90,0.0,Fair
2018-01-03,7:30 PM,43,34,70,SW,12,0,28.90,0.0,Fair
2018-01-03,8:00 PM,41,34,76,SSW,10,0,28.90,0.0,Light Rain
2018-01-03,8:30 PM,41,34,76,SW,10,0,28.90,0.0,Fair
2018-01-03,9:00 PM,41,34,76,SW,12,0,28.90,0.0,Fair
2018-01-03,9:30 PM,41,34,76,SW,10,0,28.90,0.0,Fair
2018-01-03,10:00 PM,41,34,76,SW,8,0,28.90,0.0,Fair
2018-01-03,10:30 PM,41,34,76,SW,8,0,28.90,0.0,Mostly Cloudy
2018-01-03,11:00 PM,43,34,70,SW,9,0,28.90,0.0,Mostly Cloudy
2018-01-03,11:30 PM,43,34,70,SW,10,0,28.93,0.0,Mostly Cloudy
2018-01-04,12:00 AM,43,34,70,SW,12,0,28.93,0.0,Mostly Cloudy
2018-01-04,12:30 AM,43,34,70,SW,13,0,28.93,0.0,Mostly Cloudy
2018-01-04,1:00 AM,43,36,76,SW,14,0,28.93,0.0,Light Rain Shower
2018-01-04,1:30 AM,43,34,70,SW,14,0,28.93,0.0,Mostly Cloudy
2018-01-04,2:00 AM,43,34,70,SW,15,0,28.93,0.0,Mostly Cloudy
2018-01-04,2:30 AM,43,36,76,SW,16,0,28.96,0.0,Mostly Cloudy
2018-01-04,3:00 AM,43,36,76,SW,13,0,28.96,0.0,Mostly Cloudy
2018-01-04,3:30 AM,43,36,76,SW,13,0,28.96,0.0,Mostly Cloudy
2018-01-04,4:00 AM,43,36,76,SW,13,0,28.96,0.0,Mostly Cloudy
2018-01-04,4:30 AM,43,34,70,SW,12,0,28.96,0.0,Mostly Cloudy
2018-01-04,5:00 AM,43,34,70,WSW,10,0,28.96,0.0,Mostly Cloudy
2018-01-04,5:30 AM,43,34,70,WSW,12,0,28.99,0.0,Mostly Cloudy
2018-01-04,6:00 AM,41,34,76,SSW,8,0,28.99,0.0,Mostly Cloudy
2018-01-04,6:30 AM,41,34,76,SW,7,0,28.99,0.0,Mostly Cloudy
2018-01-04,7:00 AM,41,34,76,SW,9,0,28.99,0.0,Partly Cloudy
2018-01-04,7:30 AM,39,32,75,SW,9,0,29.02,0.0,Partly Cloudy
2018-01-04,8:00 AM,39,34,81,SW,8,0,29.02,0.0,Mostly Cloudy
2018-01-04,8:30 AM,41,34,76,SW,9,0,29.02,0.0,Mostly Cloudy
2018-01-04,9:00 AM,43,34,70,WSW,10,0,29.02,0.0,Mostly Cloudy
2018-01-04,9:30 AM,43,36,76,WSW,13,0,29.05,0.0,Mostly Cloudy
2018-01-04,10:00 AM,43,36,76,SW,12,0,29.05,0.0,Light Rain Shower
2018-01-04,10:30 AM,43,36,76,SW,12,0,29.05,0.0,Light Rain Shower
2018-01-04,11:00 AM,45,36,71,WSW,10,0,29.05,0.0,Mostly Cloudy
2018-01-04,11:30 AM,45,36,71,WSW,12,0,29.08,0.0,Mostly Cloudy
2018-01-04,12:00 PM,46,36,66,SW,12,0,29.05,0.0,Mostly Cloudy
2018-01-04,12:30 PM,46,36,66,WSW,13,0,29.05,0.0,Mostly Cloudy
2018-01-04,1:00 PM,46,36,66,SW,12,0,29.05,0.0,Mostly Cloudy
2018-01-04,1:30 PM,46,36,66,WSW,14,0,29.05,0.0,Mostly Cloudy
2018-01-04,2:00 PM,46,36,66,WSW,15,0,29.05,0.0,Mostly Cloudy
2018-01-04,2:30 PM,46,36,66,WSW,14,0,29.05,0.0,Mostly Cloudy
2018-01-04,3:00 PM,46,36,66,SW,10,0,29.05,0.0,Fair
2018-01-04,3:30 PM,45,36,71,SW,12,0,29.05,0.0,Partly Cloudy
2018-01-04,4:00 PM,45,34,66,SW,9,0,29.08,0.0,Fair
2018-01-04,4:30 PM,43,36,76,SW,9,0,29.05,0.0,Fair
2018-01-04,5:00 PM,43,36,76,SW,8,0,29.05,0.0,Fair
2018-01-04,5:30 PM,43,34,70,SW,8,0,29.05,0.0,Fair
2018-01-04,6:00 PM,43,36,76,SSW,7,0,29.05,0.0,Mostly Cloudy
2018-01-04,6:30 PM,43,34,70,SSW,7,0,29.05,0.0,Partly Cloudy
2018-01-04,7:00 PM,41,34,76,S,6,0,29.05,0.0,Fair
2018-01-04,7:30 PM,41,34,76,S,8,0,29.02,0.0,Fair
2018-01-04,8:00 PM,41,34,76,S,9,0,29.02,0.0,Fair
2018-01-04,8:30 PM,41,34,76,S,12,0,29.02,0.0,Fair
2018-01-04,9:00 PM,41,34,76,S,10,0,29.02,0.0,Fair
2018-01-04,9:30 PM,41,34,76,SSE,9,0,29.02,0.0,Fair
2018-01-04,10:00 PM,41,36,81,SSE,8,0,28.99,0.0,Fair
2018-01-04,10:30 PM,41,36,81,SE,9,0,28.99,0.0,Fair
2018-01-04,11:00 PM,41,36,81,SSE,9,0,28.96,0.0,Fair
2018-01-04,11:30 PM,41,36,81,SSE,9,0,28.96,0.0,Fair
2018-01-05,12:00 AM,41,36,81,SSE,9,0,28.93,0.0,Partly Cloudy
2018-01-05,12:30 AM,41,36,81,SSE,9,0,28.93,0.0,Fair
2018-01-05,1:00 AM,41,36,81,S,5,0,28.93,0.0,Partly Cloudy
2018-01-05,1:30 AM,41,36,81,SSW,7,0,28.93,0.0,Partly Cloudy
2018-01-05,2:00 AM,43,36,76,SSW,7,0,28.93,0.0,Light Rain
2018-01-05,2:30 AM,45,39,81,SW,12,0,28.93,0.0,Mostly Cloudy
2018-01-05,3:00 AM,45,37,76,SW,10,0,28.93,0.0,Mostly Cloudy
2018-01-05,3:30 AM,43,37,81,SW,10,0,28.93,0.0,Fair
2018-01-05,4:00 AM,45,37,76,SW,15,0,28.93,0.0,Fair
2018-01-05,4:30 AM,45,39,81,SW,13,0,28.96,0.0,Fair
2018-01-05,5:00 AM,45,37,76,SW,12,0,28.96,0.0,Partly Cloudy
2018-01-05,5:30 AM,43,37,81,SW,10,0,28.99,0.0,Fair
2018-01-05,6:00 AM,43,37,81,SW,10,0,28.99,0.0,Fair
2018-01-05,6:30 AM,43,36,76,SW,10,0,29.02,0.0,Fair
2018-01-05,7:00 AM,43,36,76,WSW,10,0,29.02,0.0,Fair
2018-01-05,7:30 AM,43,36,76,WSW,10,0,29.02,0.0,Fair
2018-01-05,8:00 AM,43,36,76,SW,10,0,29.05,0.0,Fair
2018-01-05,8:30 AM,43,36,76,SW,12,0,29.05,0.0,Fair
2018-01-05,9:00 AM,43,36,76,SW,9,0,29.05,0.0,Fair
2018-01-05,9:30 AM,45,36,71,SW,10,0,29.08,0.0,Fair
2018-01-05,10:00 AM,46,36,66,SW,13,0,29.08,0.0,Fair
2018-01-05,10:30 AM,46,36,66,SW,10,0,29.08,0.0,Fair
2018-01-05,11:00 AM,46,37,71,SW,13,0,29.08,0.0,Fair
2018-01-05,11:30 AM,48,36,62,SW,14,0,29.08,0.0,Partly Cloudy
2018-01-05,12:00 PM,48,37,66,SW,9,0,29.08,0.0,Mostly Cloudy
2018-01-05,12:30 PM,48,37,66,WSW,18,0,29.08,0.0,Fair
2018-01-05,1:00 PM,48,37,66,SW,15,0,29.08,0.0,Partly Cloudy
2018-01-05,1:30 PM,48,37,66,SW,17,0,29.08,0.0,Partly Cloudy
2018-01-05,2:00 PM,48,37,66,SW,15,0,29.11,0.0,Partly Cloudy
2018-01-05,2:30 PM,46,39,76,SW,12,0,29.11,0.0,Partly Cloudy
2018-01-05,3:00 PM,48,37,66,SW,13,0,29.11,0.0,Partly Cloudy
2018-01-05,3:30 PM,46,39,76,SSW,12,0,29.11,0.0,Fair
2018-01-05,4:00 PM,46,39,76,SW,13,0,29.11,0.0,Fair
2018-01-05,4:30 PM,48,39,71,SW,12,0,29.11,0.0,Partly Cloudy
2018-01-05,5:00 PM,48,39,71,SW,13,0,29.11,0.0,Fair
2018-01-05,5:30 PM,48,39,71,SW,13,0,29.11,0.0,Fair
2018-01-05,6:00 PM,48,39,71,SW,13,0,29.14,0.0,Mostly Cloudy
2018-01-05,6:30 PM,48,39,71,SW,12,0,29.14,0.0,Mostly Cloudy
2018-01-05,7:00 PM,48,39,71,WSW,12,0,29.14,0.0,Light Rain
2018-01-05,7:30 PM,46,41,81,WSW,13,0,29.17,0.0,Light Rain
2018-01-05,8:00 PM,46,41,81,WSW,9,0,29.17,0.0,Light Rain
2018-01-05,8:30 PM,46,41,81,SW,10,0,29.17,0.0,Fair
2018-01-05,9:00 PM,46,41,81,WSW,9,0,29.20,0.0,Fair
2018-01-05,9:30 PM,46,41,81,WSW,6,0,29.20,0.0,Fair
2018-01-05,10:00 PM,45,39,81,SW,5,0,29.20,0.0,Fair
2018-01-05,10:30 PM,46,41,81,SSW,3,0,29.20,0.0,Fair
2018-01-05,11:00 PM,46,41,81,SW,2,0,29.22,0.0,Fair
2018-01-05,11:30 PM,46,41,81,VAR,2,0,29.20,0.0,Fair
2018-01-06,12:00 AM,45,41,87,S,3,0,29.20,0.0,Partly Cloudy
2018-01-06,12:30 AM,43,39,87,S,3,0,29.20,0.0,Fair
2018-01-06,1:00 AM,45,41,87,SSW,5,0,29.20,0.0,Fair
2018-01-06,1:30 AM,46,41,81,SSW,6,0,29.22,0.0,Fair
2018-01-06,2:00 AM,46,41,81,SW,6,0,29.22,0.0,Fair
2018-01-06,2:30 AM,46,41,81,SSW,6,0,29.22,0.0,Fair
2018-01-06,3:00 AM,46,41,81,SW,7,0,29.25,0.0,Fair
2018-01-06,3:30 AM,46,41,81,SSW,7,0,29.25,0.0,Fair
2018-01-06,4:00 AM,46,41,81,SSW,6,0,29.22,0.0,Fair
2018-01-06,4:30 AM,45,41,87,SW,5,0,29.25,0.0,Fair
2018-01-06,5:00 AM,45,41,87,SW,5,0,29.25,0.0,Mostly Cloudy
2018-01-06,5:30 AM,45,41,87,SSW,6,0,29.25,0.0,Cloudy
2018-01-06,6:00 AM,45,41,87,SSW,6,0,29.28,0.0,Fair
2018-01-06,6:30 AM,41,37,87,SW,5,0,29.28,0.0,Fair
2018-01-06,7:00 AM,43,39,87,S,5,0,29.28,0.0,Mostly Cloudy
2018-01-06,7:30 AM,43,39,87,VAR,2,0,29.31,0.0,Cloudy
2018-01-06,8:00 AM,41,39,93,S,6,0,29.31,0.0,Mostly Cloudy
2018-01-06,8:30 AM,43,39,87,SW,3,0,29.31,0.0,Partly Cloudy
2018-01-06,9:00 AM,43,39,87,VAR,2,0,29.34,0.0,Fair
2018-01-06,9:30 AM,43,41,93,SE,5,0,29.34,0.0,Fair
2018-01-06,10:00 AM,46,43,87,VAR,2,0,29.34,0.0,Fair
2018-01-06,10:30 AM,48,43,82,WSW,7,0,29.37,0.0,Fair
2018-01-06,11:00 AM,50,41,71,W,7,0,29.37,0.0,Fair
2018-01-06,11:30 AM,50,41,71,W,5,0,29.37,0.0,Mostly Cloudy
2018-01-06,12:00 PM,52,41,67,SW,3,0,29.37,0.0,Partly Cloudy
2018-01-06,12:30 PM,50,41,71,WSW,6,0,29.37,0.0,Mostly Cloudy
2018-01-06,1:00 PM,50,43,76,VAR,2,0,29.37,0.0,Mostly Cloudy
2018-01-06,1:30 PM,50,43,76,SW,3,0,29.37,0.0,Mostly Cloudy
2018-01-06,2:00 PM,52,41,67,VAR,2,0,29.37,0.0,Mostly Cloudy
2018-01-06,2:30 PM,52,41,67,WNW,2,0,29.40,0.0,Mostly Cloudy
2018-01-06,3:00 PM,50,43,76,WNW,3,0,29.40,0.0,Mostly Cloudy
2018-01-06,3:30 PM,50,41,71,NE,3,0,29.40,0.0,Partly Cloudy
2018-01-06,4:00 PM,46,41,81,NE,3,0,29.43,0.0,Fair
2018-01-06,4:30 PM,43,39,87,VAR,2,0,29.43,0.0,Fair
2018-01-06,5:00 PM,43,39,87,SE,2,0,29.43,0.0,Fair
2018-01-06,5:30 PM,43,41,93,VAR,2,0,29.43,0.0,Fair
2018-01-06,6:00 PM,45,39,81,SE,1,0,29.43,0.0,Fair
2018-01-06,6:30 PM,43,39,87,NNW,2,0,29.43,0.0,Fair
2018-01-06,7:00 PM,43,39,87,VAR,2,0,29.46,0.0,Fair
2018-01-06,7:30 PM,43,39,87,N,2,0,29.46,0.0,Fair
2018-01-06,8:00 PM,43,41,93,N,5,0,29.46,0.0,Fair
2018-01-06,8:30 PM,43,39,87,N,6,0,29.49,0.0,Fair
2018-01-06,9:00 PM,45,39,81,VAR,1,0,29.49,0.0,Fair
2018-01-06,9:30 PM,43,39,87,N,3,0,29.49,0.0,Fair
2018-01-06,10:00 PM,43,39,87,VAR,1,0,29.52,0.0,Light Rain
2018-01-06,10:30 PM,43,39,87,N,2,0,29.52,0.0,Mostly Cloudy
2018-01-06,11:00 PM,43,39,87,VAR,1,0,29.52,0.0,Fair
2018-01-06,11:30 PM,43,39,87,WNW,2,0,29.52,0.0,Fair
2018-01-07,12:00 AM,43,39,87,NNW,7,0,29.55,0.0,Mostly Cloudy
2018-01-07,12:30 AM,43,39,87,NNW,3,0,29.55,0.0,Mostly Cloudy
2018-01-07,1:00 AM,43,41,93,NNW,5,0,29.55,0.0,Mostly Cloudy
2018-01-07,1:30 AM,43,41,93,N,7,0,29.55,0.0,Mostly Cloudy
2018-01-07,2:00 AM,43,39,87,NNE,8,0,29.57,0.0,Fair
2018-01-07,2:30 AM,43,37,81,N,6,0,29.57,0.0,Partly Cloudy
2018-01-07,3:00 AM,43,37,81,N,7,0,29.60,0.0,Mostly Cloudy
2018-01-07,3:30 AM,43,37,81,N,6,0,29.60,0.0,Mostly Cloudy
2018-01-07,4:00 AM,43,37,81,NNE,7,0,29.60,0.0,Mostly Cloudy
2018-01-07,4:30 AM,43,37,81,NNE,7,0,29.63,0.0,Mostly Cloudy
2018-01-07,5:00 AM,41,37,87,N,5,0,29.66,0.0,Mostly Cloudy
2018-01-07,5:30 AM,41,37,87,N,6,0,29.66,0.0,Cloudy
2018-01-07,6:00 AM,41,37,87,N,7,0,29.69,0.0,Mostly Cloudy
2018-01-07,6:30 AM,41,37,87,NNE,5,0,29.69,0.0,Light Rain
2018-01-07,7:00 AM,41,37,87,N,6,0,29.72,0.0,Mostly Cloudy
2018-01-07,7:30 AM,39,37,93,N,8,0,29.72,0.0,Mostly Cloudy
2018-01-07,8:00 AM,39,37,93,N,8,0,29.75,0.0,Light Rain
2018-01-07,8:30 AM,39,37,93,N,8,0,29.78,0.0,Light Rain
2018-01-07,9:00 AM,39,37,93,N,8,0,29.81,0.0,Light Rain
2018-01-07,9:30 AM,39,37,93,N,7,0,29.81,0.0,Light Rain
2018-01-07,10:00 AM,39,37,93,NNE,7,0,29.84,0.0,Light Rain
2018-01-07,10:30 AM,39,37,93,N,7,0,29.84,0.0,Light Rain
2018-01-07,11:00 AM,39,37,93,NNE,8,0,29.87,0.0,Light Rain
2018-01-07,11:30 AM,39,36,87,NNE,8,0,29.87,0.0,Light Rain
2018-01-07,12:00 PM,39,36,87,NE,9,0,29.87,0.0,Light Rain
2018-01-07,12:30 PM,37,36,93,NE,8,0,29.89,0.0,Light Rain
2018-01-07,1:00 PM,37,36,93,NE,9,0,29.89,0.0,Light Rain
2018-01-07,1:30 PM,37,36,93,NE,9,0,29.89,0.0,Light Rain
2018-01-07,2:00 PM,37,34,87,NE,7,0,29.92,0.0,Light Rain
2018-01-07,2:30 PM,37,34,87,NE,10,0,29.92,0.0,Light Rain
2018-01-07,3:00 PM,37,34,87,NE,7,0,29.92,0.0,Light Rain
2018-01-07,3:30 PM,37,34,87,NE,8,0,29.95,0.0,Mostly Cloudy
2018-01-07,4:00 PM,36,32,87,NE,9,0,29.95,0.0,Mostly Cloudy
2018-01-07,4:30 PM,36,32,87,NE,8,0,29.98,0.0,Mostly Cloudy
2018-01-07,5:00 PM,36,32,87,ENE,8,0,29.98,0.0,Mostly Cloudy
2018-01-07,5:30 PM,36,32,87,ENE,9,0,29.98,0.0,Mostly Cloudy
2018-01-07,6:00 PM,36,32,87,ENE,8,0,29.98,0.0,Cloudy
2018-01-07,6:30 PM,36,32,87,ENE,8,0,29.98,0.0,Cloudy
2018-01-07,7:00 PM,36,32,87,ENE,9,0,29.98,0.0,Mostly Cloudy
2018-01-07,7:30 PM,36,32,87,ENE,8,0,30.01,0.0,Mostly Cloudy
2018-01-07,8:00 PM,36,32,87,ENE,8,0,30.01,0.0,Mostly Cloudy
2018-01-07,8:30 PM,36,30,81,E,9,0,30.01,0.0,Partly Cloudy
2018-01-07,9:00 PM,36,30,81,E,9,0,30.01,0.0,Mostly Cloudy
2018-01-07,9:30 PM,34,30,87,E,10,0,30.01,0.0,Fair
2018-01-07,10:00 PM,34,28,81,E,7,0,30.01,0.0,Fair
2018-01-07,10:30 PM,34,28,81,E,8,0,30.01,0.0,Mostly Cloudy
2018-01-07,11:00 PM,34,28,81,ENE,8,0,30.01,0.0,Partly Cloudy
2018-01-07,11:30 PM,32,28,87,ENE,7,0,30.01,0.0,Fair
2018-01-08,12:00 AM,32,28,87,ENE,7,0,30.01,0.0,Fair
2018-01-08,12:30 AM,32,28,87,E,6,0,30.04,0.0,Fair
2018-01-08,1:00 AM,32,28,87,ENE,7,0,30.01,0.0,Fair
2018-01-08,1:30 AM,32,28,87,ENE,6,0,30.04,0.0,Fair
2018-01-08,2:00 AM,32,28,87,NE,7,0,30.04,0.0,Fair
2018-01-08,2:30 AM,30,27,86,NE,6,0,30.04,0.0,Fair
2018-01-08,3:00 AM,30,27,86,ENE,6,0,30.04,0.0,Fair
2018-01-08,3:30 AM,30,27,86,ENE,6,0,30.04,0.0,Mostly Cloudy
2018-01-08,4:00 AM,30,27,86,E,7,0,30.04,0.0,Fair
2018-01-08,4:30 AM,30,27,86,ENE,6,0,30.04,0.0,Fair
2018-01-08,5:00 AM,30,27,86,ENE,6,0,30.04,0.0,Fair
2018-01-08,5:30 AM,30,27,86,ENE,6,0,30.04,0.0,Fair
2018-01-08,6:00 AM,30,27,86,E,8,0,30.04,0.0,Fair
2018-01-08,6:30 AM,30,25,80,E,7,0,30.04,0.0,Fair
2018-01-08,7:00 AM,30,27,86,ENE,6,0,30.04,0.0,Partly Cloudy
2018-01-08,7:30 AM,30,27,86,ENE,6,0,30.04,0.0,Fair
2018-01-08,8:00 AM,30,27,86,ENE,7,0,30.07,0.0,Fair
2018-01-08,8:30 AM,30,27,86,ENE,6,0,30.07,0.0,Fair
2018-01-08,9:00 AM,32,27,80,ENE,6,0,30.07,0.0,Fair
2018-01-08,9:30 AM,32,27,80,E,6,0,30.07,0.0,Fair
2018-01-08,10:00 AM,32,27,80,ENE,6,0,30.10,0.0,Fair
2018-01-08,10:30 AM,32,27,80,ESE,8,0,30.10,0.0,Fair
2018-01-08,11:00 AM,32,27,80,ENE,6,0,30.07,0.0,Fair
2018-01-08,11:30 AM,32,27,80,E,7,0,30.07,0.0,Fair
2018-01-08,12:00 PM,34,28,81,E,7,0,30.07,0.0,Fair
2018-01-08,12:30 PM,34,28,81,E,9,0,30.07,0.0,Fair
2018-01-08,1:00 PM,34,27,75,E,9,0,30.07,0.0,Fair
2018-01-08,1:30 PM,36,28,75,E,9,0,30.07,0.0,Fair
2018-01-08,2:00 PM,36,28,75,E,9,0,30.07,0.0,Fair
2018-01-08,2:30 PM,36,27,70,E,10,0,30.07,0.0,Fair
2018-01-08,3:00 PM,36,27,70,E,8,0,30.07,0.0,Fair
2018-01-08,3:30 PM,34,25,70,E,9,0,30.07,0.0,Fair
2018-01-08,4:00 PM,32,23,69,E,9,0,30.07,0.0,Fair
2018-01-08,4:30 PM,30,25,80,E,9,0,30.07,0.0,Fair
2018-01-08,5:00 PM,28,23,80,E,7,0,30.07,0.0,Fair
2018-01-08,5:30 PM,30,23,75,E,9,0,30.10,0.0,Fair
2018-01-08,6:00 PM,30,23,75,E,10,0,30.10,0.0,Fair
2018-01-08,6:30 PM,28,21,74,E,12,0,30.10,0.0,Fair
2018-01-08,7:00 PM,28,21,74,E,12,0,30.07,0.0,Fair
2018-01-08,7:30 PM,28,21,74,E,10,0,30.10,0.0,Fair
2018-01-08,8:00 PM,27,21,80,E,10,0,30.10,0.0,Fair
2018-01-08,8:30 PM,27,21,80,E,10,0,30.07,0.0,Fair
2018-01-08,9:00 PM,27,19,74,E,10,0,30.07,0.0,Fair
2018-01-08,9:30 PM,25,19,80,E,10,0,30.07,0.0,Fair
2018-01-08,10:00 PM,27,19,74,E,9,0,30.07,0.0,Fair
2018-01-08,10:30 PM,25,19,80,E,9,0,30.07,0.0,Fair
2018-01-08,11:00 PM,25,19,80,ESE,9,0,30.07,0.0,Fair
2018-01-08,11:30 PM,25,19,80,E,8,0,30.07,0.0,Fair
2018-01-09,12:00 AM,25,19,80,E,9,0,30.04,0.0,Fair
2018-01-09,12:30 AM,25,19,80,E,12,0,30.04,0.0,Fair
2018-01-09,1:00 AM,25,19,80,E,9,0,30.04,0.0,Fair
2018-01-09,1:30 AM,27,19,74,ESE,9,0,30.01,0.0,Fair
2018-01-09,2:00 AM,27,19,74,ESE,9,0,30.01,0.0,Fair
2018-01-09,2:30 AM,25,19,80,ESE,9,0,30.01,0.0,Fair
2018-01-09,3:00 AM,25,19,80,ESE,8,0,30.01,0.0,Fair
2018-01-09,3:30 AM,25,19,80,ESE,7,0,30.01,0.0,Fair
2018-01-09,4:00 AM,25,19,80,ESE,8,0,30.01,0.0,Fair
2018-01-09,4:30 AM,25,19,80,ESE,8,0,29.98,0.0,Fair
2018-01-09,5:00 AM,25,18,74,SE,7,0,29.98,0.0,Fair
2018-01-09,5:30 AM,25,19,80,E,7,0,29.98,0.0,Fair
2018-01-09,6:00 AM,27,18,69,E,9,0,29.95,0.0,Fair
2018-01-09,6:30 AM,28,18,64,E,13,0,29.95,0.0,Fair
2018-01-09,7:00 AM,27,18,69,ESE,12,0,29.95,0.0,Fair
2018-01-09,7:30 AM,27,16,64,SE,12,0,29.95,0.0,Fair
2018-01-09,8:00 AM,27,16,64,ESE,12,0,29.92,0.0,Fair
2018-01-09,8:30 AM,27,16,64,ESE,10,0,29.92,0.0,Fair
2018-01-09,9:00 AM,28,18,64,ESE,10,0,29.92,0.0,Fair
2018-01-09,9:30 AM,30,18,60,SE,8,0,29.89,0.0,Fair
2018-01-09,10:00 AM,32,18,55,SE,12,0,29.89,0.0,Fair
2018-01-09,10:30 AM,32,19,60,SE,13,0,29.89,0.0,Fair
2018-01-09,11:00 AM,34,19,56,SE,13,0,29.87,0.0,Fair
2018-01-09,11:30 AM,34,19,56,SE,17,0,29.87,0.0,Fair
2018-01-09,12:00 PM,36,19,52,ESE,13,0,29.84,0.0,Fair
2018-01-09,12:30 PM,36,21,56,SE,15,0,29.81,0.0,Fair
2018-01-09,1:00 PM,37,21,52,SE,14,0,29.81,0.0,Fair
2018-01-09,1:30 PM,37,23,56,SE,17,0,29.78,0.0,Fair
2018-01-09,2:00 PM,37,25,60,SE,16,0,29.78,0.0,Fair
2018-01-09,2:30 PM,37,25,60,SE,20,0,29.75,0.0,Fair
2018-01-09,3:00 PM,37,25,60,SSE,16,0,29.75,0.0,Fair
2018-01-09,3:30 PM,37,27,65,SSE,13,0,29.72,0.0,Fair
2018-01-09,4:00 PM,37,27,65,SSE,14,0,29.72,0.0,Fair
2018-01-09,4:30 PM,37,27,65,SE,12,0,29.72,0.0,Fair
2018-01-09,5:00 PM,37,27,65,SSE,9,0,29.72,0.0,Fair
2018-01-09,5:30 PM,37,27,65,SSE,10,0,29.69,0.0,Fair
2018-01-09,6:00 PM,39,28,65,SE,13,0,29.69,0.0,Fair
2018-01-09,6:30 PM,37,28,70,SE,13,0,29.69,0.0,Fair
2018-01-09,7:00 PM,37,28,70,SE,14,0,29.69,0.0,Fair
2018-01-09,7:30 PM,39,28,65,SE,12,0,29.66,0.0,Fair
2018-01-09,8:00 PM,37,30,75,SE,8,0,29.66,0.0,Fair
2018-01-09,8:30 PM,39,30,70,SSE,13,0,29.66,0.0,Fair
2018-01-09,9:00 PM,37,30,75,SE,16,0,29.66,0.0,Fair
2018-01-09,9:30 PM,37,30,75,SSE,14,0,29.63,0.0,Fair
2018-01-09,10:00 PM,36,30,81,SE,16,0,29.63,0.0,Fair
2018-01-09,10:30 PM,36,30,81,SE,13,0,29.63,0.0,Fair
2018-01-09,11:00 PM,34,30,87,SE,9,0,29.63,0.0,Fair
2018-01-09,11:30 PM,36,30,81,SE,6,0,29.60,0.0,Fair
2018-01-10,12:00 AM,36,30,81,SSE,5,0,29.60,0.0,Fair
2018-01-10,12:30 AM,37,32,81,SSE,9,0,29.60,0.0,Fair
2018-01-10,1:00 AM,37,32,81,SE,12,0,29.60,0.0,Fair
2018-01-10,1:30 AM,37,34,87,SE,15,0,29.57,0.0,Mostly Cloudy
2018-01-10,2:00 AM,37,32,81,SE,14,0,29.57,0.0,Fair
2018-01-10,2:30 AM,37,34,87,SE,13,0,29.57,0.0,Fair
2018-01-10,3:00 AM,37,34,87,SE,16,0,29.57,0.0,Fair
2018-01-10,3:30 AM,37,34,87,SE,14,0,29.57,0.0,Fair
2018-01-10,4:00 AM,37,34,87,SE,13,0,29.57,0.0,Fair
2018-01-10,4:30 AM,37,34,87,ESE,9,0,29.55,0.0,Fair
2018-01-10,5:00 AM,37,34,87,ESE,7,0,29.55,0.0,Fair
2018-01-10,5:30 AM,37,34,87,SE,9,0,29.55,0.0,Fair
2018-01-10,6:00 AM,37,34,87,VAR,5,0,29.55,0.0,Fair
2018-01-10,6:30 AM,37,34,87,SE,9,0,29.52,0.0,Fair
2018-01-10,7:00 AM,37,36,93,ESE,7,0,29.52,0.0,Fair
2018-01-10,7:30 AM,37,36,93,ESE,8,0,29.52,0.0,Fair
2018-01-10,8:00 AM,37,34,87,ESE,8,0,29.52,0.0,Fair
2018-01-10,8:30 AM,39,36,87,SE,6,0,29.55,0.0,Fair
2018-01-10,9:00 AM,37,34,87,SE,3,0,29.55,0.0,Fair
2018-01-10,9:30 AM,39,36,87,SE,7,0,29.55,0.0,Fair
2018-01-10,10:00 AM,39,37,93,SE,8,0,29.55,0.0,Fair
2018-01-10,10:30 AM,39,37,93,SE,6,0,29.55,0.0,Partly Cloudy
2018-01-10,11:00 AM,41,37,87,SE,6,0,29.55,0.0,Light Rain
2018-01-10,11:30 AM,41,37,87,SE,6,0,29.55,0.0,Light Rain
2018-01-10,12:00 PM,41,39,93,SE,5,0,29.55,0.0,Light Rain
2018-01-10,12:30 PM,41,39,93,VAR,2,0,29.52,0.0,Light Rain
2018-01-10,1:00 PM,41,39,93,ESE,5,0,29.52,0.0,Light Rain
2018-01-10,1:30 PM,41,39,93,SE,5,0,29.52,0.0,Light Rain
2018-01-10,2:00 PM,41,39,93,SE,2,0,29.52,0.0,Light Rain
2018-01-10,2:30 PM,41,41,100,VAR,1,0,29.52,0.0,Light Rain
2018-01-10,3:00 PM,41,41,100,ESE,3,0,29.52,0.0,Light Rain
2018-01-10,3:30 PM,41,41,100,ESE,5,0,29.52,0.0,Light Rain
2018-01-10,4:00 PM,41,41,100,ESE,5,0,29.52,0.0,Light Rain
2018-01-10,4:30 PM,41,39,93,SE,6,0,29.52,0.0,Rain
2018-01-10,5:00 PM,41,41,100,ESE,3,0,29.49,0.0,Light Rain
2018-01-10,5:30 PM,41,39,93,ESE,5,0,29.52,0.0,Light Rain
2018-01-10,6:00 PM,41,39,93,SE,3,0,29.49,0.0,Light Rain
2018-01-10,6:30 PM,41,39,93,ESE,3,0,29.52,0.0,Light Rain
2018-01-10,7:00 PM,39,39,100,ESE,2,0,29.52,0.0,Light Rain
2018-01-10,7:30 PM,39,39,100,SE,5,0,29.52,0.0,Light Rain
2018-01-10,8:00 PM,39,39,100,SSE,2,0,29.49,0.0,Light Rain
2018-01-10,8:30 PM,39,37,93,E,3,0,29.49,0.0,Light Rain
2018-01-10,9:00 PM,39,37,93,VAR,2,0,29.49,0.0,Light Rain
2018-01-10,9:30 PM,39,37,93,WSW,6,0,29.49,0.0,Light Rain
2018-01-10,10:00 PM,39,37,93,WSW,3,0,29.49,0.0,Light Rain
2018-01-10,10:30 PM,39,37,93,VAR,2,0,29.49,0.0,Light Rain
2018-01-10,11:00 PM,37,37,100,VAR,1,0,29.49,0.0,Light Rain
2018-01-10,11:30 PM,37,37,100,SSE,2,0,29.49,0.0,Light Rain
2018-01-11,12:00 AM,37,37,100,S,3,0,29.49,0.0,Light Rain
2018-01-11,12:30 AM,37,36,93,VAR,2,0,29.49,0.0,Light Rain
2018-01-11,1:00 AM,37,36,93,S,2,0,29.49,0.0,Light Rain
2018-01-11,1:30 AM,37,36,93,SSW,2,0,29.49,0.0,Cloudy
2018-01-11,2:00 AM,37,36,93,S,2,0,29.49,0.0,Light Rain
2018-01-11,2:30 AM,37,36,93,SSW,3,0,29.49,0.0,Mostly Cloudy
2018-01-11,3:00 AM,37,37,100,SSW,2,0,29.49,0.0,Mostly Cloudy
2018-01-11,3:30 AM,37,37,100,SSW,3,0,29.49,0.0,Mostly Cloudy
2018-01-11,4:00 AM,37,37,100,S,2,0,29.49,0.0,Mostly Cloudy
2018-01-11,4:30 AM,37,37,100,SW,2,0,29.49,0.0,Mostly Cloudy
2018-01-11,5:00 AM,37,36,93,VAR,1,0,29.49,0.0,Mostly Cloudy
2018-01-11,5:30 AM,37,37,100,VAR,1,0,29.49,0.0,Mostly Cloudy
2018-01-11,6:00 AM,36,36,100,VAR,1,0,29.49,0.0,Fair
2018-01-11,6:30 AM,37,36,93,VAR,3,0,29.52,0.0,Fair
2018-01-11,7:00 AM,37,36,93,SE,5,0,29.52,0.0,Mostly Cloudy
2018-01-11,7:30 AM,37,37,100,S,3,0,29.52,0.0,Mostly Cloudy
2018-01-11,8:00 AM,37,36,93,VAR,2,0,29.52,0.0,Mostly Cloudy
2018-01-11,8:30 AM,37,37,100,VAR,2,0,29.55,0.0,Mostly Cloudy
2018-01-11,9:00 AM,37,36,93,VAR,2,0,29.55,0.0,Mostly Cloudy
2018-01-11,9:30 AM,37,37,100,SE,5,0,29.55,0.0,Mist
2018-01-11,10:00 AM,37,37,100,SSE,5,0,29.57,0.0,Mist
2018-01-11,10:30 AM,39,37,93,VAR,2,0,29.57,0.0,Mist
2018-01-11,11:00 AM,39,37,93,VAR,2,0,29.57,0.0,Mist
2018-01-11,11:30 AM,39,37,93,VAR,1,0,29.57,0.0,Mist
2018-01-11,12:00 PM,39,37,93,VAR,1,0,29.57,0.0,Mist
2018-01-11,12:30 PM,39,39,100,VAR,1,0,29.57,0.0,Mist
2018-01-11,1:00 PM,39,37,93,VAR,2,0,29.57,0.0,Mostly Cloudy
2018-01-11,1:30 PM,39,37,93,WSW,3,0,29.57,0.0,Mostly Cloudy
2018-01-11,2:00 PM,39,37,93,VAR,2,0,29.57,0.0,Mostly Cloudy
2018-01-11,2:30 PM,39,37,93,W,2,0,29.57,0.0,Mostly Cloudy
2018-01-11,3:00 PM,39,37,93,WNW,1,0,29.60,0.0,Mostly Cloudy
2018-01-11,3:30 PM,39,37,93,N,3,0,29.60,0.0,Mist
2018-01-11,4:00 PM,39,37,93,NE,3,0,29.60,0.0,Mist
2018-01-11,4:30 PM,39,37,93,NNE,5,0,29.63,0.0,Mist
2018-01-11,5:00 PM,39,37,93,NNE,5,0,29.63,0.0,Mist
2018-01-11,5:30 PM,39,37,93,N,3,0,29.63,0.0,Mist
2018-01-11,6:00 PM,39,37,93,NE,2,0,29.66,0.0,Mist
2018-01-11,6:30 PM,39,37,93,NE,3,0,29.66,0.0,Mist
2018-01-11,7:00 PM,39,37,93,ENE,6,0,29.66,0.0,Fog
2018-01-11,7:30 PM,39,37,93,VAR,2,0,29.66,0.0,Fog
2018-01-11,8:00 PM,39,37,93,ENE,5,0,29.69,0.0,Fog
2018-01-11,8:30 PM,39,37,93,NE,3,0,29.69,0.0,Fog
2018-01-11,9:00 PM,37,37,100,NE,6,0,29.69,0.0,Fog
2018-01-11,9:30 PM,37,37,100,NE,6,0,29.69,0.0,Mist
2018-01-11,10:00 PM,37,37,100,ENE,7,0,29.72,0.0,Fog
2018-01-11,10:30 PM,36,36,100,ENE,8,0,29.72,0.0,Mist
2018-01-11,11:00 PM,36,36,100,ENE,5,0,29.72,0.0,Mist
2018-01-11,11:30 PM,36,36,100,ESE,5,0,29.72,0.0,Mist
2018-01-12,12:00 AM,36,34,93,ESE,6,0,29.75,0.0,Mist
2018-01-12,12:30 AM,36,34,93,E,6,0,29.75,0.0,Mist
2018-01-12,1:00 AM,36,34,93,E,5,0,29.75,0.0,Mist
2018-01-12,1:30 AM,36,34,93,ENE,5,0,29.75,0.0,Mist
2018-01-12,2:00 AM,36,34,93,ENE,3,0,29.78,0.0,Mist
2018-01-12,2:30 AM,36,32,87,ENE,5,0,29.78,0.0,Mist
2018-01-12,3:00 AM,36,34,93,NE,6,0,29.78,0.0,Mist
2018-01-12,3:30 AM,36,34,93,ENE,5,0,29.78,0.0,Mist
2018-01-12,4:00 AM,36,34,93,ENE,6,0,29.78,0.0,Mist
2018-01-12,4:30 AM,36,34,93,ENE,5,0,29.81,0.0,Mist
2018-01-12,5:00 AM,36,34,93,ENE,5,0,29.81,0.0,Mostly Cloudy
2018-01-12,5:30 AM,36,34,93,ENE,5,0,29.81,0.0,Mostly Cloudy
2018-01-12,6:00 AM,36,34,93,E,5,0,29.81,0.0,Mostly Cloudy
2018-01-12,6:30 AM,36,34,93,ENE,5,0,29.84,0.0,Mostly Cloudy
2018-01-12,7:00 AM,36,34,93,E,7,0,29.84,0.0,Mist
2018-01-12,7:30 AM,36,34,93,E,6,0,29.84,0.0,Light Drizzle
2018-01-12,8:00 AM,36,34,93,E,5,0,29.87,0.0,Light Drizzle
2018-01-12,8:30 AM,36,34,93,E,6,0,29.87,0.0,Light Drizzle
2018-01-12,9:00 AM,36,34,93,E,8,0,29.87,0.0,Light Drizzle
2018-01-12,9:30 AM,36,34,93,E,7,0,29.87,0.0,Light Drizzle
2018-01-12,10:00 AM,36,34,93,E,8,0,29.89,0.0,Light Drizzle
2018-01-12,10:30 AM,36,34,93,E,8,0,29.89,0.0,Light Drizzle
2018-01-12,11:00 AM,36,34,93,E,8,0,29.89,0.0,Light Drizzle
2018-01-12,11:30 AM,36,34,93,E,8,0,29.92,0.0,Mist
2018-01-12,12:00 PM,36,34,93,E,7,0,29.92,0.0,Light Drizzle
2018-01-12,12:30 PM,36,34,93,E,8,0,29.92,0.0,Mist
2018-01-12,1:00 PM,36,34,93,E,9,0,29.92,0.0,Mist
2018-01-12,1:30 PM,36,34,93,E,9,0,29.92,0.0,Mist
2018-01-12,2:00 PM,36,34,93,E,12,0,29.92,0.0,Cloudy
2018-01-12,2:30 PM,36,32,87,E,10,0,29.92,0.0,Cloudy
2018-01-12,3:00 PM,36,32,87,E,10,0,29.92,0.0,Cloudy
2018-01-12,3:30 PM,36,32,87,E,9,0,29.95,0.0,Cloudy
2018-01-12,4:00 PM,36,32,87,E,10,0,29.95,0.0,Cloudy
2018-01-12,4:30 PM,36,32,87,E,12,0,29.95,0.0,Cloudy
2018-01-12,5:00 PM,36,32,87,E,12,0,29.95,0.0,Cloudy
2018-01-12,5:30 PM,36,32,87,E,12,0,29.98,0.0,Cloudy
2018-01-12,6:00 PM,34,32,93,E,10,0,29.98,0.0,Cloudy
2018-01-12,6:30 PM,34,32,93,E,10,0,29.98,0.0,Mist
2018-01-12,7:00 PM,34,32,93,E,13,0,29.98,0.0,Mist
2018-01-12,7:30 PM,34,32,93,E,13,0,30.01,0.0,Mist
2018-01-12,8:00 PM,34,30,87,E,14,0,30.01,0.0,Mist
2018-01-12,8:30 PM,34,30,87,E,14,0,30.01,0.0,Cloudy
2018-01-12,9:00 PM,32,30,93,E,13,0,30.01,0.0,Mist
2018-01-12,9:30 PM,34,30,87,E,14,0,30.01,0.0,Cloudy
2018-01-12,10:00 PM,32,30,93,E,13,0,30.01,0.0,Cloudy
2018-01-12,10:30 PM,32,28,87,E,14,0,30.04,0.0,Cloudy
2018-01-12,11:00 PM,32,28,87,E,12,0,30.04,0.0,Cloudy
2018-01-12,11:30 PM,32,28,87,E,13,0,30.04,0.0,Cloudy
2018-01-13,12:00 AM,32,28,87,E,14,0,30.04,0.0,Cloudy
2018-01-13,12:30 AM,32,28,87,E,14,0,30.04,0.0,Cloudy
2018-01-13,1:00 AM,32,28,87,E,12,0,30.04,0.0,Mostly Cloudy
2018-01-13,1:30 AM,32,27,80,E,13,0,30.04,0.0,Mostly Cloudy
2018-01-13,2:00 AM,32,27,80,E,13,0,30.04,0.0,Mostly Cloudy
2018-01-13,2:30 AM,30,27,86,E,13,0,30.04,0.0,Mostly Cloudy
2018-01-13,3:00 AM,30,27,86,E,12,0,30.04,0.0,Mostly Cloudy
2018-01-13,3:30 AM,32,27,80,E,15,0,30.04,0.0,Mostly Cloudy
2018-01-13,4:00 AM,32,27,80,E,13,0,30.04,0.0,Mostly Cloudy
2018-01-13,4:30 AM,32,25,75,E,9,0,30.04,0.0,Mostly Cloudy
2018-01-13,5:00 AM,32,25,75,E,10,0,30.04,0.0,Cloudy
2018-01-13,5:30 AM,32,25,75,E,10,0,30.04,0.0,Cloudy
2018-01-13,6:00 AM,32,25,75,E,10,0,30.04,0.0,Mostly Cloudy
2018-01-13,6:30 AM,32,25,75,E,12,0,30.04,0.0,Cloudy
2018-01-13,7:00 AM,32,25,75,E,9,0,30.04,0.0,Light Snow
2018-01-13,7:30 AM,32,25,75,E,13,0,30.04,0.0,Light Snow
2018-01-13,8:00 AM,32,25,75,E,13,0,30.04,0.0,Light Snow
2018-01-13,8:30 AM,32,25,75,ESE,10,0,30.04,0.0,Light Snow
2018-01-13,9:00 AM,32,25,75,ESE,13,0,30.04,0.0,Light Snow
2018-01-13,9:30 AM,32,25,75,E,12,0,30.07,0.0,Light Snow
2018-01-13,10:00 AM,32,27,80,E,13,0,30.04,0.0,Cloudy
2018-01-13,10:30 AM,32,25,75,E,13,0,30.07,0.0,Cloudy
2018-01-13,11:00 AM,32,25,75,E,13,0,30.04,0.0,Cloudy
2018-01-13,11:30 AM,32,27,80,E,15,0,30.04,0.0,Light Snow
2018-01-13,12:00 PM,32,25,75,E,14,0,30.04,0.0,Light Snow
2018-01-13,12:30 PM,32,27,80,E,14,0,30.04,0.0,Light Snow
2018-01-13,1:00 PM,32,25,75,E,13,0,30.04,0.0,Light Snow
2018-01-13,1:30 PM,32,25,75,E,9,0,30.04,0.0,Light Snow
2018-01-13,2:00 PM,32,25,75,E,10,0,30.04,0.0,Light Snow
2018-01-13,2:30 PM,32,25,75,E,10,0,30.01,0.0,Light Snow
2018-01-13,3:00 PM,32,25,75,E,13,0,30.01,0.0,Light Snow
2018-01-13,3:30 PM,32,25,75,E,12,0,30.01,0.0,Cloudy
2018-01-13,4:00 PM,32,25,75,ESE,16,0,30.01,0.0,Cloudy
2018-01-13,4:30 PM,32,23,69,E,17,0,30.01,0.0,Cloudy
2018-01-13,5:00 PM,32,23,69,E,16,0,30.01,0.0,Cloudy
2018-01-13,5:30 PM,32,23,69,E,14,0,30.01,0.0,Cloudy
2018-01-13,6:00 PM,32,23,69,E,13,0,30.01,0.0,Mostly Cloudy
2018-01-13,6:30 PM,32,23,69,ESE,14,0,30.04,0.0,Cloudy
2018-01-13,7:00 PM,32,23,69,ESE,14,0,30.04,0.0,Cloudy
2018-01-13,7:30 PM,32,23,69,ESE,14,0,30.04,0.0,Cloudy
2018-01-13,8:00 PM,32,23,69,ESE,14,0,30.04,0.0,Cloudy
2018-01-13,8:30 PM,32,21,64,E,12,0,30.04,0.0,Cloudy
2018-01-13,9:00 PM,32,21,64,E,10,0,30.04,0.0,Cloudy
2018-01-13,9:30 PM,32,21,64,E,12,0,30.01,0.0,Cloudy
2018-01-13,10:00 PM,32,21,64,E,13,0,30.01,0.0,Cloudy
2018-01-13,10:30 PM,32,21,64,E,12,0,30.01,0.0,Cloudy
2018-01-13,11:00 PM,32,23,69,E,12,0,30.01,0.0,Cloudy
2018-01-13,11:30 PM,32,23,69,E,14,0,30.01,0.0,Cloudy
2018-01-14,12:00 AM,32,23,69,E,15,0,30.01,0.0,Mostly Cloudy
2018-01-14,12:30 AM,32,23,69,E,13,0,30.01,0.0,Cloudy
2018-01-14,1:00 AM,32,23,69,E,12,0,30.01,0.0,Cloudy
2018-01-14,1:30 AM,32,21,64,E,14,0,30.01,0.0,Cloudy
2018-01-14,2:00 AM,30,21,69,ESE,15,0,30.01,0.0,Cloudy
2018-01-14,2:30 AM,30,21,69,ESE,14,0,30.01,0.0,Cloudy
2018-01-14,3:00 AM,30,21,69,ESE,13,0,30.01,0.0,Cloudy
2018-01-14,3:30 AM,30,21,69,ESE,13,0,30.01,0.0,Cloudy
2018-01-14,4:00 AM,30,21,69,ESE,12,0,30.01,0.0,Cloudy
2018-01-14,4:30 AM,30,21,69,E,10,0,29.98,0.0,Cloudy
2018-01-14,5:00 AM,30,21,69,ESE,13,0,29.98,0.0,Cloudy
2018-01-14,5:30 AM,30,21,69,E,13,0,29.98,0.0,Cloudy
2018-01-14,6:00 AM,30,21,69,E,12,0,30.01,0.0,Cloudy
2018-01-14,6:30 AM,30,21,69,ESE,13,0,29.98,0.0,Cloudy
2018-01-14,7:00 AM,28,21,74,ESE,15,0,30.01,0.0,Cloudy
2018-01-14,7:30 AM,28,21,74,SE,14,0,30.01,0.0,Cloudy
2018-01-14,8:00 AM,28,21,74,ESE,14,0,30.01,0.0,Cloudy
2018-01-14,8:30 AM,28,21,74,SE,14,0,30.01,0.0,Cloudy
2018-01-14,9:00 AM,28,21,74,ESE,15,0,30.01,0.0,Cloudy
2018-01-14,9:30 AM,28,19,69,SE,18,0,30.01,0.0,Cloudy
2018-01-14,10:00 AM,28,19,69,SE,16,0,30.01,0.0,Cloudy
2018-01-14,10:30 AM,28,19,69,SE,15,0,30.01,0.0,Mostly Cloudy
2018-01-14,11:00 AM,28,19,69,SE,15,0,30.01,0.0,Mostly Cloudy
2018-01-14,11:30 AM,28,19,69,ESE,15,0,30.01,0.0,Mostly Cloudy
2018-01-14,12:00 PM,28,19,69,ESE,15,0,30.01,0.0,Mostly Cloudy
2018-01-14,12:30 PM,28,21,74,SE,14,0,29.98,0.0,Mostly Cloudy
2018-01-14,1:00 PM,28,19,69,SE,12,0,29.98,0.0,Mostly Cloudy
2018-01-14,1:30 PM,28,21,74,ESE,12,0,29.98,0.0,Mostly Cloudy
2018-01-14,2:00 PM,30,21,69,SE,12,0,29.98,0.0,Mostly Cloudy
2018-01-14,2:30 PM,30,19,64,SE,12,0,29.98,0.0,Cloudy
2018-01-14,3:00 PM,30,21,69,ESE,9,0,29.98,0.0,Cloudy
2018-01-14,3:30 PM,30,21,69,SE,9,0,29.98,0.0,Cloudy
2018-01-14,4:00 PM,30,21,69,ESE,9,0,29.98,0.0,Cloudy
2018-01-14,4:30 PM,28,21,74,E,8,0,29.98,0.0,Cloudy
2018-01-14,5:00 PM,30,21,69,ESE,8,0,29.98,0.0,Cloudy
2018-01-14,5:30 PM,28,21,74,E,12,0,29.98,0.0,Cloudy
2018-01-14,6:00 PM,28,21,74,E,12,0,29.98,0.0,Cloudy
2018-01-14,6:30 PM,28,21,74,E,12,0,29.98,0.0,Cloudy
2018-01-14,7:00 PM,28,19,69,ESE,10,0,29.98,0.0,Mostly Cloudy
2018-01-14,7:30 PM,27,19,74,ESE,9,0,29.98,0.0,Mostly Cloudy
2018-01-14,8:00 PM,25,19,80,ESE,10,0,29.98,0.0,Fair
2018-01-14,8:30 PM,25,19,80,ESE,9,0,29.98,0.0,Fair
2018-01-14,9:00 PM,23,18,80,E,8,0,29.98,0.0,Fair
2018-01-14,9:30 PM,23,19,86,E,9,0,29.95,0.0,Fair
2018-01-14,10:00 PM,23,18,80,ESE,9,0,29.95,0.0,Fair
2018-01-14,10:30 PM,23,19,86,ESE,9,0,29.95,0.0,Fair
2018-01-14,11:00 PM,23,18,80,ESE,10,0,29.95,0.0,Fair
2018-01-14,11:30 PM,23,18,80,ESE,12,0,29.95,0.0,Fair
2018-01-15,12:00 AM,21,18,86,ESE,9,0,29.95,0.0,Fair
2018-01-15,12:30 AM,23,19,86,SE,10,0,29.92,0.0,Fair
2018-01-15,1:00 AM,21,18,86,SE,9,0,29.92,0.0,Fair
2018-01-15,1:30 AM,21,18,86,ESE,10,0,29.92,0.0,Fair
2018-01-15,2:00 AM,21,18,86,ESE,10,0,29.92,0.0,Fair
2018-01-15,2:30 AM,21,18,86,ESE,9,0,29.92,0.0,Fair
2018-01-15,3:00 AM,21,18,86,ESE,9,0,29.92,0.0,Fair
2018-01-15,3:30 AM,21,18,86,ESE,14,0,29.89,0.0,Fair
2018-01-15,4:00 AM,21,18,86,ESE,13,0,29.89,0.0,Fair
2018-01-15,4:30 AM,19,18,93,ESE,13,0,29.89,0.0,Fair
2018-01-15,5:00 AM,19,16,86,ESE,12,0,29.89,0.0,Fair
2018-01-15,5:30 AM,19,16,86,ESE,13,0,29.87,0.0,Fair
2018-01-15,6:00 AM,19,16,86,SE,14,0,29.87,0.0,Fair
2018-01-15,6:30 AM,19,16,86,SE,14,0,29.87,0.0,Fair
2018-01-15,7:00 AM,19,16,86,SE,12,0,29.87,0.0,Fair
2018-01-15,7:30 AM,19,18,93,SE,12,0,29.84,0.0,Mist
2018-01-15,8:00 AM,19,18,93,SE,8,0,29.84,0.0,Mist
2018-01-15,8:30 AM,21,18,86,SE,12,0,29.84,0.0,Mist
2018-01-15,9:00 AM,21,19,93,SE,16,0,29.84,0.0,Mist
2018-01-15,9:30 AM,23,19,86,SE,16,0,29.84,0.0,Mist
2018-01-15,10:00 AM,25,21,86,SE,15,0,29.81,0.0,Mist
2018-01-15,10:30 AM,27,23,86,SE,14,0,29.81,0.0,Mist
2018-01-15,11:00 AM,28,23,80,SE,13,0,29.81,0.0,Fair
2018-01-15,11:30 AM,30,23,75,SSE,12,0,29.78,0.0,Fair
2018-01-15,12:00 PM,30,25,80,SSE,15,0,29.78,0.0,Fair
2018-01-15,12:30 PM,32,25,75,SE,15,0,29.75,0.0,Fair
2018-01-15,1:00 PM,32,25,75,SSE,14,0,29.72,0.0,Fair
2018-01-15,1:30 PM,34,25,70,SSE,14,0,29.72,0.0,Fair
2018-01-15,2:00 PM,34,23,65,S,16,0,29.69,0.0,Fair
2018-01-15,2:30 PM,34,23,65,S,18,0,29.69,0.0,Fair
2018-01-15,3:00 PM,32,23,69,S,17,0,29.66,0.0,Fair
2018-01-15,3:30 PM,32,23,69,S,16,0,29.66,0.0,Fair
2018-01-15,4:00 PM,32,23,69,S,18,30,29.66,0.0,Fair
2018-01-15,4:30 PM,32,21,64,S,18,0,29.63,0.0,Fair
2018-01-15,5:00 PM,30,23,75,S,20,0,29.63,0.0,Fair
2018-01-15,5:30 PM,30,23,75,S,15,0,29.60,0.0,Fair
2018-01-15,6:00 PM,30,23,75,S,15,0,29.60,0.0,Fair
2018-01-15,6:30 PM,30,23,75,S,14,0,29.57,0.0,Fair
2018-01-15,7:00 PM,30,23,75,S,16,0,29.57,0.0,Fair
2018-01-15,7:30 PM,30,23,75,SSE,17,0,29.55,0.0,Fair
2018-01-15,8:00 PM,30,23,75,S,14,0,29.52,0.0,Fair
2018-01-15,8:30 PM,28,23,80,SSE,17,0,29.52,0.0,Fair
2018-01-15,9:00 PM,28,21,74,SSE,18,0,29.49,0.0,Fair
2018-01-15,9:30 PM,28,21,74,SSE,17,0,29.49,0.0,Fair
2018-01-15,10:00 PM,28,21,74,SSE,17,0,29.46,0.0,Fair
2018-01-15,10:30 PM,28,21,74,S,18,0,29.43,0.0,Fair
2018-01-15,11:00 PM,30,23,75,S,22,33,29.43,0.0,Fair / Windy
2018-01-15,11:30 PM,30,23,75,S,21,0,29.40,0.0,Fair / Windy
2018-01-16,12:00 AM,30,21,69,SSE,21,0,29.37,0.0,Fair / Windy
2018-01-16,12:30 AM,28,21,74,SSE,16,0,29.34,0.0,Partly Cloudy
2018-01-16,1:00 AM,27,21,80,SSE,15,0,29.31,0.0,Partly Cloudy
2018-01-16,1:30 AM,27,21,80,SSE,15,0,29.31,0.0,Fair
2018-01-16,2:00 AM,28,21,74,SSE,17,0,29.28,0.0,Fair
2018-01-16,2:30 AM,28,23,80,SSE,16,0,29.25,0.0,Fair
2018-01-16,3:00 AM,28,23,80,SE,16,0,29.22,0.0,Mostly Cloudy
2018-01-16,3:30 AM,28,23,80,SSE,14,0,29.20,0.0,Mostly Cloudy
2018-01-16,4:00 AM,30,23,75,SSE,16,0,29.20,0.0,Fair
2018-01-16,4:30 AM,30,23,75,SSE,16,0,29.20,0.0,Mostly Cloudy
2018-01-16,5:00 AM,32,23,69,S,20,0,29.17,0.0,Mostly Cloudy
2018-01-16,5:30 AM,32,23,69,S,25,0,29.14,0.0,Light Snow / Windy
2018-01-16,6:00 AM,30,21,69,S,21,32,29.14,0.0,Fair / Windy
2018-01-16,6:30 AM,32,23,69,S,17,0,29.11,0.0,Partly Cloudy
2018-01-16,7:00 AM,30,23,75,SSE,15,0,29.11,0.0,Light Snow
2018-01-16,7:30 AM,32,21,64,S,18,0,29.11,0.0,Fair
2018-01-16,8:00 AM,32,21,64,S,23,0,29.08,0.0,Fair / Windy
2018-01-16,8:30 AM,32,23,69,S,22,0,29.08,0.0,Light Snow / Windy
2018-01-16,9:00 AM,32,23,69,S,23,0,29.05,0.0,Mostly Cloudy / Windy
2018-01-16,9:30 AM,32,23,69,SSE,20,0,29.05,0.0,Partly Cloudy
2018-01-16,10:00 AM,32,25,75,SSE,18,0,29.02,0.0,Fair
2018-01-16,10:30 AM,34,25,70,S,17,0,29.02,0.0,Fair
2018-01-16,11:00 AM,34,25,70,SSE,14,0,28.99,0.0,Mostly Cloudy
2018-01-16,11:30 AM,37,27,65,SSE,14,0,28.99,0.0,Fair
2018-01-16,12:00 PM,37,27,65,SSE,10,0,28.96,0.0,Fair
2018-01-16,12:30 PM,37,27,65,S,12,0,28.96,0.0,Fair
2018-01-16,1:00 PM,36,25,65,SSE,18,0,28.93,0.0,Fair
2018-01-16,1:30 PM,36,27,70,S,13,0,28.93,0.0,Fair
2018-01-16,2:00 PM,36,27,70,S,9,0,28.93,0.0,Mostly Cloudy
2018-01-16,2:30 PM,34,28,81,S,7,0,28.93,0.0,Light Snow
2018-01-16,3:00 PM,34,30,87,SE,10,0,28.90,0.0,Fair
2018-01-16,3:30 PM,34,28,81,S,9,0,28.90,0.0,Partly Cloudy
2018-01-16,4:00 PM,32,28,87,SSE,9,0,28.88,0.0,Fair
2018-01-16,4:30 PM,32,28,87,SSE,7,0,28.88,0.0,Fair
2018-01-16,5:00 PM,32,28,87,SSE,7,0,28.88,0.0,Light Snow
2018-01-16,5:30 PM,32,28,87,SE,9,0,28.85,0.0,Fair
2018-01-16,6:00 PM,34,30,87,SSE,8,0,28.85,0.0,Light Snow
2018-01-16,6:30 PM,34,30,87,SSE,6,0,28.85,0.0,Light Snow
2018-01-16,7:00 PM,34,30,87,SE,6,0,28.82,0.0,Mostly Cloudy
2018-01-16,7:30 PM,34,28,81,S,3,0,28.85,0.0,Light Snow
2018-01-16,8:00 PM,36,32,87,W,7,0,28.85,0.0,Light Rain
2018-01-16,8:30 PM,37,34,87,W,16,0,28.85,0.0,Light Rain
2018-01-16,9:00 PM,37,34,87,W,17,0,28.85,0.0,Mostly Cloudy
2018-01-16,9:30 PM,37,32,81,W,17,0,28.85,0.0,Fair
2018-01-16,10:00 PM,37,32,81,W,18,0,28.85,0.0,Mostly Cloudy
2018-01-16,10:30 PM,37,30,75,W,17,0,28.88,0.0,Mostly Cloudy
2018-01-16,11:00 PM,37,28,70,W,15,0,28.88,0.0,Mostly Cloudy
2018-01-16,11:30 PM,36,28,75,W,15,0,28.88,0.0,Fair
2018-01-17,12:00 AM,37,28,70,W,14,0,28.88,0.0,Mostly Cloudy
2018-01-17,12:30 AM,37,28,70,W,13,0,28.88,0.0,Mostly Cloudy
2018-01-17,1:00 AM,37,28,70,W,14,0,28.88,0.0,Mostly Cloudy
2018-01-17,1:30 AM,37,28,70,W,13,0,28.90,0.0,Mostly Cloudy
2018-01-17,2:00 AM,36,28,75,W,12,0,28.90,0.0,Mostly Cloudy
2018-01-17,2:30 AM,37,27,65,W,14,0,28.90,0.0,Fair
2018-01-17,3:00 AM,36,28,75,W,12,0,28.90,0.0,Fair
2018-01-17,3:30 AM,36,28,75,WSW,8,0,28.90,0.0,Fair
2018-01-17,4:00 AM,36,28,75,WSW,9,0,28.90,0.0,Fair
2018-01-17,4:30 AM,36,28,75,W,10,0,28.90,0.0,Fair
2018-01-17,5:00 AM,36,28,75,W,8,0,28.90,0.0,Fair
2018-01-17,5:30 AM,34,27,75,SW,7,0,28.88,0.0,Fair
2018-01-17,6:00 AM,32,27,80,SSW,7,0,28.90,0.0,Fair
2018-01-17,6:30 AM,32,27,80,SSW,7,0,28.88,0.0,Fair
2018-01-17,7:00 AM,32,27,80,SW,8,0,28.90,0.0,Fair
2018-01-17,7:30 AM,32,27,80,SW,8,0,28.90,0.0,Partly Cloudy
2018-01-17,8:00 AM,32,27,80,SW,7,0,28.90,0.0,Mostly Cloudy
2018-01-17,8:30 AM,34,27,75,S,5,0,28.90,0.0,Mostly Cloudy
2018-01-17,9:00 AM,34,27,75,SSW,7,0,28.90,0.0,Mostly Cloudy
2018-01-17,9:30 AM,36,28,75,SSW,7,0,28.90,0.0,Mostly Cloudy
2018-01-17,10:00 AM,36,28,75,SW,7,0,28.93,0.0,Mostly Cloudy
2018-01-17,10:30 AM,36,28,75,SW,7,0,28.93,0.0,Partly Cloudy
2018-01-17,11:00 AM,36,30,81,S,6,0,28.93,0.0,Fair
2018-01-17,11:30 AM,37,28,70,SSW,7,0,28.93,0.0,Fair
2018-01-17,12:00 PM,37,28,70,SSW,6,0,28.93,0.0,Partly Cloudy
2018-01-17,12:30 PM,37,28,70,SSW,7,0,28.93,0.0,Mostly Cloudy
2018-01-17,1:00 PM,37,28,70,SSW,7,0,28.93,0.0,Mostly Cloudy
2018-01-17,1:30 PM,37,30,75,WSW,8,0,28.93,0.0,Light Snow
2018-01-17,2:00 PM,37,30,75,W,6,0,28.93,0.0,Mostly Cloudy
2018-01-17,2:30 PM,34,32,93,W,12,0,28.96,0.0,Wintry Mix
2018-01-17,3:00 PM,36,32,87,W,15,0,28.96,0.0,Wintry Mix
2018-01-17,3:30 PM,36,30,81,W,23,0,28.99,0.0,Mostly Cloudy / Windy
2018-01-17,4:00 PM,36,30,81,WNW,17,0,28.99,0.0,Mostly Cloudy
2018-01-17,4:30 PM,36,30,81,W,17,0,29.02,0.0,Mostly Cloudy
2018-01-17,5:00 PM,34,30,87,WNW,18,0,29.02,0.0,Mostly Cloudy
2018-01-17,5:30 PM,34,32,93,W,13,0,29.05,0.0,Wintry Mix
2018-01-17,6:00 PM,34,32,93,W,14,0,29.05,0.0,Mostly Cloudy
2018-01-17,6:30 PM,34,30,87,W,15,0,29.05,0.0,Mostly Cloudy
2018-01-17,7:00 PM,36,30,81,W,14,0,29.08,0.0,Mostly Cloudy
2018-01-17,7:30 PM,34,30,87,W,16,0,29.08,0.0,Wintry Mix
2018-01-17,8:00 PM,34,30,87,WNW,18,0,29.11,0.0,Light Snow Shower
2018-01-17,8:30 PM,34,30,87,WNW,17,0,29.11,0.0,Mostly Cloudy
2018-01-17,9:00 PM,34,30,87,W,15,0,29.11,0.0,Fair
2018-01-17,9:30 PM,34,28,81,W,13,0,29.14,0.0,Partly Cloudy
2018-01-17,10:00 PM,34,28,81,W,10,0,29.14,0.0,Fair
2018-01-17,10:30 PM,34,28,81,WSW,8,0,29.14,0.0,Mostly Cloudy
2018-01-17,11:00 PM,34,28,81,WSW,9,0,29.17,0.0,Mostly Cloudy
2018-01-17,11:30 PM,34,28,81,W,12,0,29.17,0.0,Partly Cloudy
2018-01-18,12:00 AM,34,28,81,W,15,0,29.17,0.0,Light Snow Shower
2018-01-18,12:30 AM,34,30,87,W,13,0,29.20,0.0,Light Snow Shower
2018-01-18,1:00 AM,34,30,87,W,13,0,29.20,0.0,Partly Cloudy
2018-01-18,1:30 AM,34,30,87,W,15,0,29.20,0.0,Fair
2018-01-18,2:00 AM,34,30,87,W,13,0,29.22,0.0,Fair
2018-01-18,2:30 AM,34,30,87,W,10,0,29.22,0.0,Partly Cloudy
2018-01-18,3:00 AM,34,30,87,W,12,0,29.22,0.0,Mostly Cloudy
2018-01-18,3:30 AM,36,30,81,W,10,0,29.22,0.0,Mostly Cloudy
2018-01-18,4:00 AM,34,30,87,W,9,0,29.22,0.0,Light Snow Shower
2018-01-18,4:30 AM,34,30,87,W,9,0,29.22,0.0,Mostly Cloudy
2018-01-18,5:00 AM,34,30,87,W,8,0,29.25,0.0,Mostly Cloudy
2018-01-18,5:30 AM,34,30,87,SW,7,0,29.25,0.0,Mostly Cloudy
2018-01-18,6:00 AM,34,30,87,WSW,7,0,29.25,0.0,Mostly Cloudy
2018-01-18,6:30 AM,34,30,87,WSW,7,0,29.22,0.0,Mostly Cloudy
2018-01-18,7:00 AM,34,30,87,WSW,6,0,29.22,0.0,Light Snow Shower
2018-01-18,7:30 AM,34,30,87,SSW,6,0,29.22,0.0,Mostly Cloudy
2018-01-18,8:00 AM,34,30,87,SW,7,0,29.22,0.0,Mostly Cloudy
2018-01-18,8:30 AM,34,28,81,SW,8,0,29.22,0.0,Fair
2018-01-18,9:00 AM,36,28,75,SSW,8,0,29.22,0.0,Mostly Cloudy
2018-01-18,9:30 AM,36,28,75,SSW,9,0,29.22,0.0,Mostly Cloudy
2018-01-18,10:00 AM,36,28,75,SSW,10,0,29.20,0.0,Partly Cloudy
2018-01-18,10:30 AM,37,28,70,S,13,0,29.17,0.0,Fair
2018-01-18,11:00 AM,37,28,70,S,14,0,29.14,0.0,Fair
2018-01-18,11:30 AM,37,30,75,S,13,0,29.11,0.0,Fair
2018-01-18,12:00 PM,37,28,70,S,14,0,29.08,0.0,Fair
2018-01-18,12:30 PM,37,28,70,S,14,0,29.05,0.0,Fair
2018-01-18,1:00 PM,37,28,70,S,20,0,29.02,0.0,Mostly Cloudy
2018-01-18,1:30 PM,37,28,70,S,18,0,28.96,0.0,Mostly Cloudy
2018-01-18,2:00 PM,36,32,87,S,23,0,28.93,0.0,Wintry Mix / Windy
2018-01-18,2:30 PM,36,32,87,SSE,18,0,28.90,0.0,Wintry Mix
2018-01-18,3:00 PM,36,32,87,SSE,17,0,28.85,0.0,Mostly Cloudy
2018-01-18,3:30 PM,37,32,81,S,18,0,28.82,0.0,Partly Cloudy
2018-01-18,4:00 PM,39,32,75,S,15,0,28.79,0.0,Fair
2018-01-18,4:30 PM,41,32,70,SSW,17,0,28.76,0.0,Fair
2018-01-18,5:00 PM,41,34,76,SSW,23,0,28.76,0.0,Fair / Windy
2018-01-18,5:30 PM,39,34,81,SSW,18,30,28.76,0.0,Fair
2018-01-18,6:00 PM,41,34,76,SW,17,0,28.76,0.0,Wintry Mix
2018-01-18,6:30 PM,43,32,66,W,24,46,28.76,0.0,Mostly Cloudy / Windy
2018-01-18,7:00 PM,43,32,66,W,23,41,28.76,0.0,Light Rain / Windy
2018-01-18,7:30 PM,41,32,70,W,24,37,28.76,0.0,Light Rain / Windy
2018-01-18,8:00 PM,41,32,70,W,25,45,28.79,0.0,Light Rain / Windy
2018-01-18,8:30 PM,41,30,65,WNW,29,41,28.79,0.0,Light Rain / Windy
2018-01-18,9:00 PM,41,28,61,W,36,60,28.79,0.0,Mostly Cloudy / Windy
2018-01-18,9:30 PM,41,28,61,W,37,67,28.82,0.0,Mostly Cloudy / Windy
2018-01-18,10:00 PM,39,28,65,WNW,41,53,28.85,0.0,Mostly Cloudy / Windy
2018-01-18,10:30 PM,39,27,61,W,37,51,28.88,0.0,Mostly Cloudy / Windy
2018-01-18,11:00 PM,39,27,61,W,33,45,28.88,0.0,Mostly Cloudy / Windy
2018-01-18,11:30 PM,37,27,65,W,31,43,28.90,0.0,Mostly Cloudy / Windy
2018-01-19,12:00 AM,37,28,70,WNW,28,39,28.93,0.0,Cloudy / Windy
2018-01-19,12:30 AM,37,28,70,W,32,48,28.96,0.0,Mostly Cloudy / Windy
2018-01-19,1:00 AM,37,28,70,W,33,47,28.99,0.0,Mostly Cloudy / Windy
2018-01-19,1:30 AM,37,27,65,W,29,43,28.99,0.0,Mostly Cloudy / Windy
2018-01-19,2:00 AM,37,27,65,W,24,36,29.02,0.0,Mostly Cloudy / Windy
2018-01-19,2:30 AM,37,28,70,WNW,24,0,29.05,0.0,Mostly Cloudy / Windy
2018-01-19,3:00 AM,37,28,70,WNW,22,33,29.05,0.0,Mostly Cloudy / Windy
2018-01-19,3:30 AM,37,28,70,WNW,23,0,29.08,0.0,Mostly Cloudy / Windy
2018-01-19,4:00 AM,36,28,75,WNW,21,0,29.08,0.0,Mostly Cloudy / Windy
2018-01-19,4:30 AM,36,28,75,WNW,24,0,29.08,0.0,Mostly Cloudy / Windy
2018-01-19,5:00 AM,36,28,75,NW,15,0,29.11,0.0,Light Snow
2018-01-19,5:30 AM,36,30,81,WNW,15,0,29.11,0.0,Mostly Cloudy
2018-01-19,6:00 AM,36,30,81,NW,16,0,29.14,0.0,Mostly Cloudy
2018-01-19,6:30 AM,36,30,81,WNW,18,0,29.14,0.0,Mostly Cloudy
2018-01-19,7:00 AM,36,30,81,WNW,16,0,29.17,0.0,Mostly Cloudy
2018-01-19,7:30 AM,36,30,81,WNW,12,0,29.17,0.0,Mostly Cloudy
2018-01-19,8:00 AM,36,30,81,WNW,10,0,29.20,0.0,Mostly Cloudy
2018-01-19,8:30 AM,36,30,81,WNW,7,0,29.20,0.0,Mostly Cloudy
2018-01-19,9:00 AM,36,32,87,W,6,0,29.22,0.0,Mostly Cloudy
2018-01-19,9:30 AM,36,32,87,W,6,0,29.22,0.0,Mostly Cloudy
2018-01-19,10:00 AM,36,32,87,SW,7,0,29.25,0.0,Wintry Mix
2018-01-19,10:30 AM,36,34,93,W,7,0,29.25,0.0,Light Rain Shower
2018-01-19,11:00 AM,37,32,81,W,9,0,29.25,0.0,Mostly Cloudy
2018-01-19,11:30 AM,37,32,81,WNW,13,0,29.28,0.0,Partly Cloudy
2018-01-19,12:00 PM,37,30,75,WNW,16,0,29.28,0.0,Mostly Cloudy
2018-01-19,12:30 PM,37,32,81,WNW,15,0,29.28,0.0,Mostly Cloudy
2018-01-19,1:00 PM,37,32,81,W,13,0,29.28,0.0,Mostly Cloudy
2018-01-19,1:30 PM,37,32,81,W,12,0,29.28,0.0,Light Rain Shower
2018-01-19,2:00 PM,37,32,81,W,7,0,29.31,0.0,Mostly Cloudy
2018-01-19,2:30 PM,34,32,93,NNW,10,0,29.31,0.0,Wintry Mix
2018-01-19,3:00 PM,36,32,87,NW,6,0,29.31,0.0,Mostly Cloudy
2018-01-19,3:30 PM,36,32,87,W,6,0,29.31,0.0,Mostly Cloudy
2018-01-19,4:00 PM,36,32,87,W,6,0,29.34,0.0,Mostly Cloudy
2018-01-19,4:30 PM,36,32,87,WSW,7,0,29.34,0.0,Mostly Cloudy
2018-01-19,5:00 PM,36,30,81,W,7,0,29.34,0.0,Mostly Cloudy
2018-01-19,5:30 PM,36,30,81,WNW,9,0,29.34,0.0,Wintry Mix
2018-01-19,6:00 PM,36,30,81,W,5,0,29.34,0.0,Mostly Cloudy
2018-01-19,6:30 PM,34,30,87,W,3,0,29.37,0.0,Mostly Cloudy
2018-01-19,7:00 PM,34,30,87,VAR,1,0,29.37,0.0,Fair
2018-01-19,7:30 PM,34,30,87,W,3,0,29.37,0.0,Fair
2018-01-19,8:00 PM,32,30,93,SW,2,0,29.37,0.0,Fair
2018-01-19,8:30 PM,34,30,87,VAR,3,0,29.37,0.0,Fair
2018-01-19,9:00 PM,32,30,93,W,2,0,29.37,0.0,Fair
2018-01-19,9:30 PM,34,30,87,SW,5,0,29.37,0.0,Fair
2018-01-19,10:00 PM,30,27,86,W,7,0,29.37,0.0,Fair
2018-01-19,10:30 PM,32,27,80,W,6,0,29.40,0.0,Fair
2018-01-19,11:00 PM,30,27,86,W,7,0,29.40,0.0,Fair
2018-01-19,11:30 PM,32,28,87,W,5,0,29.40,0.0,Partly Cloudy
2018-01-20,12:00 AM,28,27,93,S,3,0,29.40,0.0,Mostly Cloudy
2018-01-20,12:30 AM,32,28,87,SSW,5,0,29.40,0.0,Mostly Cloudy
2018-01-20,1:00 AM,32,28,87,SSW,6,0,29.40,0.0,Cloudy
2018-01-20,1:30 AM,34,28,81,SW,5,0,29.40,0.0,Mostly Cloudy
2018-01-20,2:00 AM,34,28,81,SW,5,0,29.40,0.0,Mostly Cloudy
2018-01-20,2:30 AM,34,28,81,SW,6,0,29.40,0.0,Light Snow
2018-01-20,3:00 AM,34,28,81,SW,6,0,29.40,0.0,Light Snow
2018-01-20,3:30 AM,34,28,81,SW,8,0,29.40,0.0,Light Snow
2018-01-20,4:00 AM,34,28,81,WSW,7,0,29.40,0.0,Light Snow
2018-01-20,4:30 AM,34,28,81,WSW,9,0,29.40,0.0,Light Snow
2018-01-20,5:00 AM,34,32,93,SW,7,0,29.37,0.0,Mostly Cloudy
2018-01-20,5:30 AM,34,30,87,SSW,5,0,29.37,0.0,Fair
2018-01-20,6:00 AM,32,28,87,SSW,7,0,29.37,0.0,Partly Cloudy
2018-01-20,6:30 AM,32,28,87,SSW,5,0,29.37,0.0,Fair
2018-01-20,7:00 AM,32,27,80,SSW,6,0,29.37,0.0,Fair
2018-01-20,7:30 AM,32,27,80,SSW,5,0,29.37,0.0,Fair
2018-01-20,8:00 AM,28,25,86,SSW,5,0,29.37,0.0,Fair
2018-01-20,8:30 AM,30,27,86,SSE,5,0,29.37,0.0,Fair
2018-01-20,9:00 AM,32,28,87,S,5,0,29.37,0.0,Light Snow Shower
2018-01-20,9:30 AM,34,30,87,SW,7,0,29.37,0.0,Light Snow Shower
2018-01-20,10:00 AM,34,30,87,SSW,5,0,29.37,0.0,Partly Cloudy
2018-01-20,10:30 AM,37,30,75,SW,6,0,29.37,0.0,Partly Cloudy
2018-01-20,11:00 AM,36,30,81,SW,7,0,29.37,0.0,Partly Cloudy
2018-01-20,11:30 AM,36,30,81,SW,5,0,29.37,0.0,Light Snow Shower
2018-01-20,12:00 PM,36,32,87,NW,6,0,29.37,0.0,Mostly Cloudy
2018-01-20,12:30 PM,37,32,81,VAR,2,0,29.34,0.0,Mostly Cloudy
2018-01-20,1:00 PM,37,32,81,SE,5,0,29.34,0.0,Fair
2018-01-20,1:30 PM,39,32,75,SSE,3,0,29.31,0.0,Partly Cloudy
2018-01-20,2:00 PM,39,28,65,WSW,6,0,29.31,0.0,Partly Cloudy
2018-01-20,2:30 PM,39,30,70,WNW,9,0,29.31,0.0,Mostly Cloudy
2018-01-20,3:00 PM,36,30,81,NW,9,0,29.31,0.0,Light Snow Shower
2018-01-20,3:30 PM,36,30,81,WNW,8,0,29.31,0.0,Partly Cloudy
2018-01-20,4:00 PM,36,30,81,W,7,0,29.31,0.0,Partly Cloudy
2018-01-20,4:30 PM,36,30,81,SSW,3,0,29.28,0.0,Fair
2018-01-20,5:00 PM,32,28,87,SSE,3,0,29.28,0.0,Fair
2018-01-20,5:30 PM,34,30,87,SSE,2,0,29.28,0.0,Fair
2018-01-20,6:00 PM,32,30,93,SSE,5,0,29.28,0.0,Fair
2018-01-20,6:30 PM,30,28,93,SE,5,0,29.28,0.0,Fair
2018-01-20,7:00 PM,32,28,87,SSE,6,0,29.25,0.0,Fair
2018-01-20,7:30 PM,32,27,80,SSE,6,0,29.25,0.0,Fair
2018-01-20,8:00 PM,30,27,86,SSE,3,0,29.25,0.0,Fair
2018-01-20,8:30 PM,28,27,93,ESE,6,0,29.25,0.0,Fair
2018-01-20,9:00 PM,27,25,93,SE,7,0,29.25,0.0,Fair
2018-01-20,9:30 PM,25,25,100,SE,7,0,29.25,0.0,Fair
2018-01-20,10:00 PM,28,27,93,SE,6,0,29.22,0.0,Partly Cloudy
2018-01-20,10:30 PM,28,27,93,ESE,6,0,29.22,0.0,Fair
2018-01-20,11:00 PM,28,27,93,SE,6,0,29.22,0.0,Fair
2018-01-20,11:30 PM,28,27,93,SE,7,0,29.22,0.0,Fair
2018-01-21,12:00 AM,28,27,93,SE,6,0,29.22,0.0,Partly Cloudy
2018-01-21,12:30 AM,25,23,93,E,5,0,29.22,0.0,Mist
2018-01-21,1:00 AM,27,25,93,ESE,6,0,29.22,0.0,Mist
2018-01-21,1:30 AM,27,27,100,ESE,7,0,29.22,0.0,Mist
2018-01-21,2:00 AM,27,25,93,E,6,0,29.22,0.0,Mist
2018-01-21,2:30 AM,27,25,93,ENE,2,0,29.22,0.0,Mist
2018-01-21,3:00 AM,27,25,93,NE,3,0,29.22,0.0,Mist
2018-01-21,3:30 AM,27,25,93,VAR,2,0,29.22,0.0,Mist
2018-01-21,4:00 AM,27,25,93,ENE,1,0,29.22,0.0,Mist
2018-01-21,4:30 AM,27,25,93,NE,2,0,29.22,0.0,Mist
2018-01-21,5:00 AM,27,25,93,NE,5,0,29.22,0.0,Mist
2018-01-21,5:30 AM,27,25,93,NNE,5,0,29.25,0.0,Mist
2018-01-21,6:00 AM,27,25,93,NNE,5,0,29.25,0.0,Mist
2018-01-21,6:30 AM,27,25,93,NE,5,0,29.25,0.0,Mist
2018-01-21,7:00 AM,27,25,93,NE,5,0,29.28,0.0,Mist
2018-01-21,7:30 AM,25,25,100,NE,3,0,29.28,0.0,Mist
2018-01-21,8:00 AM,27,25,93,NE,5,0,29.31,0.0,Mist
2018-01-21,8:30 AM,27,25,93,NE,3,0,29.31,0.0,Mist
2018-01-21,9:00 AM,27,25,93,N,2,0,29.34,0.0,Mist
2018-01-21,9:30 AM,28,27,93,N,3,0,29.34,0.0,Mist
2018-01-21,10:00 AM,28,27,93,NNW,3,0,29.37,0.0,Light Snow
2018-01-21,10:30 AM,30,27,86,NNW,3,0,29.37,0.0,Light Snow
2018-01-21,11:00 AM,30,28,93,NNW,3,0,29.40,0.0,Light Snow
2018-01-21,11:30 AM,30,28,93,NNW,5,0,29.40,0.0,Mist
2018-01-21,12:00 PM,32,28,87,N,7,0,29.40,0.0,Mist
2018-01-21,12:30 PM,32,28,87,NNW,8,0,29.43,0.0,Mist
2018-01-21,1:00 PM,30,28,93,N,8,0,29.43,0.0,Mist
2018-01-21,1:30 PM,30,28,93,NNW,10,0,29.46,0.0,Mist
2018-01-21,2:00 PM,28,28,100,NNW,10,0,29.46,0.0,Mist
2018-01-21,2:30 PM,30,28,93,N,9,0,29.49,0.0,Mist
2018-01-21,3:00 PM,28,27,93,N,9,0,29.52,0.0,Mist
2018-01-21,3:30 PM,28,27,93,N,8,0,29.52,0.0,Mist
2018-01-21,4:00 PM,30,28,93,N,7,0,29.55,0.0,Mist
2018-01-21,4:30 PM,30,28,93,NNW,7,0,29.55,0.0,Mist
2018-01-21,5:00 PM,30,28,93,N,12,0,29.57,0.0,Mist
2018-01-21,5:30 PM,28,28,100,NNW,12,0,29.57,0.0,Mist
2018-01-21,6:00 PM,28,28,100,N,8,0,29.60,0.0,Mist
2018-01-21,6:30 PM,28,27,93,NNW,8,0,29.60,0.0,Mist
2018-01-21,7:00 PM,28,27,93,N,10,0,29.60,0.0,Mist
2018-01-21,7:30 PM,28,27,93,N,8,0,29.63,0.0,Mist
2018-01-21,8:00 PM,28,27,93,N,7,0,29.63,0.0,Mist
2018-01-21,8:30 PM,28,27,93,N,3,0,29.63,0.0,Mostly Cloudy
2018-01-21,9:00 PM,28,27,93,NNW,3,0,29.63,0.0,Mostly Cloudy
2018-01-21,9:30 PM,30,27,86,NNW,6,0,29.66,0.0,Cloudy
2018-01-21,10:00 PM,30,27,86,NNW,3,0,29.66,0.0,Cloudy
2018-01-21,10:30 PM,30,27,86,NW,5,0,29.66,0.0,Cloudy
2018-01-21,11:00 PM,30,27,86,WSW,2,0,29.66,0.0,Cloudy
2018-01-21,11:30 PM,30,27,86,SW,6,0,29.66,0.0,Mostly Cloudy
2018-01-22,12:00 AM,30,27,86,VAR,2,0,29.66,0.0,Mostly Cloudy
2018-01-22,12:30 AM,30,27,86,VAR,2,0,29.66,0.0,Mostly Cloudy
2018-01-22,1:00 AM,30,27,86,SSW,2,0,29.66,0.0,Mostly Cloudy
2018-01-22,1:30 AM,30,27,86,WSW,3,0,29.66,0.0,Mostly Cloudy
2018-01-22,2:00 AM,30,27,86,SW,3,0,29.66,0.0,Mostly Cloudy
2018-01-22,2:30 AM,30,27,86,SW,2,0,29.63,0.0,Cloudy
2018-01-22,3:00 AM,30,27,86,SW,5,0,29.63,0.0,Cloudy
2018-01-22,3:30 AM,30,25,80,SSW,3,0,29.63,0.0,Cloudy
2018-01-22,4:00 AM,28,27,93,E,3,0,29.63,0.0,Cloudy
2018-01-22,4:30 AM,30,27,86,SSE,5,0,29.60,0.0,Cloudy
2018-01-22,5:00 AM,30,27,86,SSE,6,0,29.60,0.0,Cloudy
2018-01-22,5:30 AM,30,25,80,SSE,6,0,29.60,0.0,Cloudy
2018-01-22,6:00 AM,28,25,86,SE,8,0,29.60,0.0,Cloudy
2018-01-22,6:30 AM,30,25,80,SE,8,0,29.60,0.0,Cloudy
2018-01-22,7:00 AM,30,25,80,SE,9,0,29.60,0.0,Cloudy
2018-01-22,7:30 AM,30,21,69,SE,10,0,29.57,0.0,Cloudy
2018-01-22,8:00 AM,28,21,74,SE,9,0,29.57,0.0,Mostly Cloudy
2018-01-22,8:30 AM,28,23,80,SE,8,0,29.57,0.0,Fair
2018-01-22,9:00 AM,28,25,86,SE,9,0,29.57,0.0,Fair
2018-01-22,9:30 AM,30,25,80,SSE,13,0,29.57,0.0,Fair
2018-01-22,10:00 AM,30,25,80,SSE,15,0,29.57,0.0,Partly Cloudy
2018-01-22,10:30 AM,30,25,80,SE,17,0,29.57,0.0,Mostly Cloudy
2018-01-22,11:00 AM,30,25,80,SE,15,0,29.57,0.0,Partly Cloudy
2018-01-22,11:30 AM,30,25,80,SE,14,0,29.57,0.0,Fair
2018-01-22,12:00 PM,32,25,75,SSE,14,0,29.55,0.0,Fair
2018-01-22,12:30 PM,32,25,75,SSE,13,0,29.55,0.0,Fair
2018-01-22,1:00 PM,32,25,75,SSE,13,0,29.55,0.0,Fair
2018-01-22,1:30 PM,32,25,75,SE,16,0,29.52,0.0,Fair
2018-01-22,2:00 PM,32,25,75,SE,17,0,29.52,0.0,Fair
2018-01-22,2:30 PM,32,25,75,SE,17,0,29.52,0.0,Fair
2018-01-22,3:00 PM,32,25,75,SE,18,0,29.49,0.0,Fair
2018-01-22,3:30 PM,32,25,75,SE,17,0,29.49,0.0,Fair
2018-01-22,4:00 PM,30,25,80,SE,15,0,29.49,0.0,Fair
2018-01-22,4:30 PM,30,25,80,SE,15,0,29.49,0.0,Fair
2018-01-22,5:00 PM,30,25,80,SE,14,0,29.49,0.0,Fair
2018-01-22,5:30 PM,30,25,80,SE,15,0,29.49,0.0,Fair
2018-01-22,6:00 PM,30,25,80,SE,14,0,29.49,0.0,Fair
2018-01-22,6:30 PM,30,25,80,SE,15,0,29.49,0.0,Fair
2018-01-22,7:00 PM,30,23,75,SE,15,0,29.49,0.0,Fair
2018-01-22,7:30 PM,30,23,75,SE,15,0,29.49,0.0,Fair
2018-01-22,8:00 PM,30,23,75,SE,16,0,29.49,0.0,Fair
2018-01-22,8:30 PM,30,23,75,SE,15,0,29.49,0.0,Fair
2018-01-22,9:00 PM,30,23,75,SE,14,0,29.49,0.0,Fair
2018-01-22,9:30 PM,30,23,75,SE,13,0,29.52,0.0,Fair
2018-01-22,10:00 PM,30,23,75,SE,14,0,29.52,0.0,Fair
2018-01-22,10:30 PM,30,23,75,SE,14,0,29.52,0.0,Fair
2018-01-22,11:00 PM,30,23,75,SE,13,0,29.52,0.0,Light Snow
2018-01-22,11:30 PM,30,23,75,SE,13,0,29.52,0.0,Light Snow
2018-01-23,12:00 AM,30,23,75,SE,13,0,29.52,0.0,Light Snow
2018-01-23,12:30 AM,28,23,80,SE,13,0,29.52,0.0,Light Snow
2018-01-23,1:00 AM,28,23,80,SE,12,0,29.52,0.0,Light Snow
2018-01-23,1:30 AM,30,25,80,SE,10,0,29.55,0.0,Light Snow
2018-01-23,2:00 AM,28,25,86,SE,9,0,29.55,0.0,Light Snow
2018-01-23,2:30 AM,28,25,86,SE,8,0,29.55,0.0,Light Snow
2018-01-23,3:00 AM,28,25,86,SE,9,0,29.57,0.0,Light Snow
2018-01-23,3:30 AM,28,27,93,SE,9,0,29.57,0.0,Mist
2018-01-23,4:00 AM,28,27,93,SE,8,0,29.57,0.0,Mist
2018-01-23,4:30 AM,28,27,93,SE,5,0,29.60,0.0,Light Snow
2018-01-23,5:00 AM,28,27,93,VAR,2,0,29.60,0.0,Mist
2018-01-23,5:30 AM,28,27,93,SE,5,0,29.63,0.0,Light Snow
2018-01-23,6:00 AM,30,27,86,ESE,5,0,29.63,0.0,Light Snow
2018-01-23,6:30 AM,30,27,86,ESE,3,0,29.63,0.0,Light Snow
2018-01-23,7:00 AM,30,27,86,SE,5,0,29.66,0.0,Light Snow
2018-01-23,7:30 AM,30,27,86,SE,7,0,29.66,0.0,Light Snow
2018-01-23,8:00 AM,30,28,93,SE,5,0,29.69,0.0,Mist
2018-01-23,8:30 AM,30,28,93,ESE,3,0,29.69,0.0,Mist
2018-01-23,9:00 AM,30,28,93,SE,5,0,29.72,0.0,Light Snow
2018-01-23,9:30 AM,30,28,93,S,2,0,29.72,0.0,Light Snow
2018-01-23,10:00 AM,30,28,93,SSE,2,0,29.75,0.0,Light Snow
2018-01-23,10:30 AM,30,30,100,VAR,2,0,29.75,0.0,Light Snow Grains
2018-01-23,11:00 AM,32,30,93,S,2,0,29.78,0.0,Light Snow Grains
2018-01-23,11:30 AM,32,30,93,S,3,0,29.78,0.0,Light Snow Grains
2018-01-23,12:00 PM,32,32,100,SSW,3,0,29.78,0.0,Light Snow
2018-01-23,12:30 PM,34,32,93,W,3,0,29.78,0.0,Light Snow
2018-01-23,1:00 PM,34,32,93,W,5,0,29.78,0.0,Light Rain
2018-01-23,1:30 PM,34,32,93,WNW,7,0,29.81,0.0,Mist
2018-01-23,2:00 PM,34,32,93,WNW,6,0,29.81,0.0,Mist
2018-01-23,2:30 PM,34,32,93,WNW,8,0,29.81,0.0,Mist
2018-01-23,3:00 PM,34,32,93,WNW,7,0,29.81,0.0,Mist
2018-01-23,3:30 PM,34,32,93,WNW,6,0,29.81,0.0,Mist
2018-01-23,4:00 PM,34,32,93,W,6,0,29.84,0.0,Mostly Cloudy
2018-01-23,4:30 PM,32,30,93,WNW,7,0,29.84,0.0,Mostly Cloudy
2018-01-23,5:00 PM,32,30,93,VAR,2,0,29.84,0.0,Mostly Cloudy
2018-01-23,5:30 PM,32,32,100,S,1,0,29.84,0.0,Mostly Cloudy
2018-01-23,6:00 PM,34,32,93,SSE,1,0,29.87,0.0,Mist
2018-01-23,6:30 PM,34,32,93,SE,5,0,29.87,0.0,Wintry Mix
2018-01-23,7:00 PM,34,32,93,SE,7,0,29.87,0.0,Mist
2018-01-23,7:30 PM,34,32,93,SSE,7,0,29.87,0.0,Mist
2018-01-23,8:00 PM,34,32,93,SSE,7,0,29.84,0.0,Mist
2018-01-23,8:30 PM,34,34,100,SSE,8,0,29.84,0.0,Wintry Mix
2018-01-23,9:00 PM,34,32,93,SE,7,0,29.84,0.0,Mist
2018-01-23,9:30 PM,34,32,93,SE,5,0,29.84,0.0,Mist
2018-01-23,10:00 PM,34,32,93,SE,6,0,29.84,0.0,Mist
2018-01-23,10:30 PM,32,32,100,SE,9,0,29.84,0.0,Mist
2018-01-23,11:00 PM,32,30,93,SSE,8,0,29.84,0.0,Mist
2018-01-23,11:30 PM,34,32,93,SSE,8,0,29.84,0.0,Mist
2018-01-24,12:00 AM,34,32,93,SE,9,0,29.84,0.0,Mist
2018-01-24,12:30 AM,32,32,100,SE,9,0,29.81,0.0,Mist
2018-01-24,1:00 AM,32,32,100,SSE,7,0,29.81,0.0,Mist
2018-01-24,1:30 AM,32,32,100,SE,6,0,29.81,0.0,Mist
2018-01-24,2:00 AM,34,32,93,SE,8,0,29.81,0.0,Fair
2018-01-24,2:30 AM,34,32,93,ESE,5,0,29.78,0.0,Mist
2018-01-24,3:00 AM,36,34,93,S,3,0,29.78,0.0,Fair
2018-01-24,3:30 AM,36,34,93,SSE,7,0,29.78,0.0,Fair
2018-01-24,4:00 AM,37,34,87,SSE,7,0,29.75,0.0,Fair
2018-01-24,4:30 AM,37,34,87,SSE,5,0,29.75,0.0,Fair
2018-01-24,5:00 AM,36,34,93,SSE,6,0,29.75,0.0,Fair
2018-01-24,5:30 AM,39,34,81,S,6,0,29.75,0.0,Partly Cloudy
2018-01-24,6:00 AM,41,34,76,SSW,7,0,29.75,0.0,Cloudy
2018-01-24,6:30 AM,41,34,76,SW,7,0,29.75,0.0,Cloudy
2018-01-24,7:00 AM,41,34,76,SW,9,0,29.75,0.0,Mostly Cloudy
2018-01-24,7:30 AM,41,36,81,SSW,9,0,29.75,0.0,Mostly Cloudy
2018-01-24,8:00 AM,41,34,76,SSW,9,0,29.75,0.0,Mostly Cloudy
2018-01-24,8:30 AM,43,36,76,SW,13,0,29.75,0.0,Mostly Cloudy
2018-01-24,9:00 AM,41,36,81,SW,10,0,29.75,0.0,Light Rain
2018-01-24,9:30 AM,43,36,76,SW,9,0,29.75,0.0,Mostly Cloudy
2018-01-24,10:00 AM,43,36,76,SSW,12,0,29.75,0.0,Mostly Cloudy
2018-01-24,10:30 AM,43,36,76,SW,10,0,29.75,0.0,Light Rain
2018-01-24,11:00 AM,43,37,81,SW,13,0,29.78,0.0,Mostly Cloudy
2018-01-24,11:30 AM,45,37,76,SW,9,0,29.75,0.0,Mostly Cloudy
2018-01-24,12:00 PM,45,37,76,SW,12,0,29.75,0.0,Mostly Cloudy
2018-01-24,12:30 PM,45,37,76,SW,14,0,29.75,0.0,Mostly Cloudy
2018-01-24,1:00 PM,46,37,71,SW,14,0,29.75,0.0,Mostly Cloudy
2018-01-24,1:30 PM,46,39,76,SW,10,0,29.75,0.0,Partly Cloudy
2018-01-24,2:00 PM,46,39,76,SSW,9,0,29.72,0.0,Partly Cloudy
2018-01-24,2:30 PM,48,39,71,SSW,10,0,29.72,0.0,Fair
2018-01-24,3:00 PM,46,39,76,SSW,8,0,29.72,0.0,Fair
2018-01-24,3:30 PM,46,39,76,SW,8,0,29.72,0.0,Fair
2018-01-24,4:00 PM,45,39,81,SSW,7,0,29.72,0.0,Fair
2018-01-24,4:30 PM,45,37,76,SW,8,0,29.72,0.0,Fair
2018-01-24,5:00 PM,43,39,87,SSW,6,0,29.69,0.0,Fair
2018-01-24,5:30 PM,43,39,87,SSW,7,0,29.69,0.0,Fair
2018-01-24,6:00 PM,43,39,87,S,6,0,29.69,0.0,Fair
2018-01-24,6:30 PM,43,39,87,SSW,7,0,29.69,0.0,Fair
2018-01-24,7:00 PM,43,39,87,SSW,7,0,29.66,0.0,Fair
2018-01-24,7:30 PM,43,39,87,SSW,7,0,29.66,0.0,Fair
2018-01-24,8:00 PM,39,37,93,SE,8,0,29.66,0.0,Fair
2018-01-24,8:30 PM,43,39,87,SSE,7,0,29.66,0.0,Fair
2018-01-24,9:00 PM,41,37,87,SSE,8,0,29.66,0.0,Fair
2018-01-24,9:30 PM,37,36,93,SE,10,0,29.63,0.0,Fair
2018-01-24,10:00 PM,39,37,93,SE,8,0,29.63,0.0,Fair
2018-01-24,10:30 PM,41,37,87,S,6,0,29.63,0.0,Fair
2018-01-24,11:00 PM,45,37,76,S,13,0,29.63,0.0,Fair
2018-01-24,11:30 PM,43,37,81,SSE,8,0,29.60,0.0,Fair
2018-01-25,12:00 AM,41,37,87,SSE,3,0,29.63,0.0,Fair
2018-01-25,12:30 AM,41,36,81,SSE,6,0,29.60,0.0,Fair
2018-01-25,1:00 AM,39,36,87,SE,9,0,29.60,0.0,Fair
2018-01-25,1:30 AM,41,36,81,SSE,12,0,29.60,0.0,Fair
2018-01-25,2:00 AM,39,36,87,ESE,6,0,29.60,0.0,Fair
2018-01-25,2:30 AM,39,36,87,SE,10,0,29.57,0.0,Fair
2018-01-25,3:00 AM,43,36,76,SSE,9,0,29.57,0.0,Fair
2018-01-25,3:30 AM,43,36,76,S,12,0,29.60,0.0,Fair
2018-01-25,4:00 AM,41,36,81,S,10,0,29.57,0.0,Fair
2018-01-25,4:30 AM,41,34,76,SSE,8,0,29.57,0.0,Fair
2018-01-25,5:00 AM,39,34,81,SSE,8,0,29.57,0.0,Fair
2018-01-25,5:30 AM,41,34,76,S,5,0,29.57,0.0,Fair
2018-01-25,6:00 AM,41,34,76,VAR,2,0,29.57,0.0,Fair
2018-01-25,6:30 AM,39,34,81,WSW,7,0,29.60,0.0,Fair
2018-01-25,7:00 AM,43,34,70,SW,9,0,29.60,0.0,Fair
2018-01-25,7:30 AM,39,34,81,SSW,6,0,29.60,0.0,Fair
2018-01-25,8:00 AM,45,34,66,SSW,6,0,29.60,0.0,Fair
2018-01-25,8:30 AM,41,34,76,SSW,5,0,29.60,0.0,Fair
2018-01-25,9:00 AM,43,36,76,SSW,5,0,29.60,0.0,Fair
2018-01-25,9:30 AM,46,36,66,S,5,0,29.60,0.0,Fair
2018-01-25,10:00 AM,46,37,71,S,6,0,29.60,0.0,Partly Cloudy
2018-01-25,10:30 AM,48,37,66,SSW,7,0,29.60,0.0,Fair
2018-01-25,11:00 AM,48,36,62,SW,12,0,29.60,0.0,Partly Cloudy
2018-01-25,11:30 AM,50,37,62,SW,9,0,29.60,0.0,Fair
2018-01-25,12:00 PM,50,37,62,SW,8,0,29.60,0.0,Fair
2018-01-25,12:30 PM,50,37,62,S,10,0,29.60,0.0,Fair
2018-01-25,1:00 PM,48,37,66,S,9,0,29.60,0.0,Fair
2018-01-25,1:30 PM,48,37,66,S,9,0,29.60,0.0,Fair
2018-01-25,2:00 PM,50,37,62,S,7,0,29.60,0.0,Partly Cloudy
2018-01-25,2:30 PM,50,39,66,S,7,0,29.60,0.0,Mostly Cloudy
2018-01-25,3:00 PM,46,37,71,S,8,0,29.60,0.0,Mostly Cloudy
2018-01-25,3:30 PM,46,37,71,S,8,0,29.60,0.0,Mostly Cloudy
2018-01-25,4:00 PM,45,37,76,SSE,9,0,29.60,0.0,Mostly Cloudy
2018-01-25,4:30 PM,43,36,76,SSE,9,0,29.60,0.0,Mostly Cloudy
2018-01-25,5:00 PM,43,36,76,SSE,9,0,29.60,0.0,Mostly Cloudy
2018-01-25,5:30 PM,43,34,70,S,10,0,29.60,0.0,Fair
2018-01-25,6:00 PM,41,34,76,S,9,0,29.60,0.0,Fair
2018-01-25,6:30 PM,41,34,76,S,8,0,29.60,0.0,Fair
2018-01-25,7:00 PM,41,34,76,S,8,0,29.60,0.0,Fair
2018-01-25,7:30 PM,41,34,76,S,9,0,29.60,0.0,Fair
2018-01-25,8:00 PM,39,32,75,SSE,7,0,29.60,0.0,Fair
2018-01-25,8:30 PM,39,32,75,SSE,7,0,29.57,0.0,Fair
2018-01-25,9:00 PM,39,32,75,SSE,6,0,29.60,0.0,Fair
2018-01-25,9:30 PM,37,32,81,ESE,5,0,29.60,0.0,Fair
2018-01-25,10:00 PM,37,32,81,ESE,6,0,29.60,0.0,Fair
2018-01-25,10:30 PM,36,30,81,SE,6,0,29.60,0.0,Fair
2018-01-25,11:00 PM,37,32,81,S,8,0,29.60,0.0,Fair
2018-01-25,11:30 PM,39,32,75,VAR,2,0,29.60,0.0,Fair
2018-01-26,12:00 AM,39,32,75,S,5,0,29.57,0.0,Fair
2018-01-26,12:30 AM,39,32,75,SSW,3,0,29.57,0.0,Fair
2018-01-26,1:00 AM,34,30,87,SE,6,0,29.57,0.0,Fair
2018-01-26,1:30 AM,36,30,81,E,5,0,29.57,0.0,Fair
2018-01-26,2:00 AM,36,30,81,VAR,2,0,29.57,0.0,Fair
2018-01-26,2:30 AM,32,27,80,ESE,6,0,29.57,0.0,Fair
2018-01-26,3:00 AM,36,30,81,SSE,6,0,29.57,0.0,Fair
2018-01-26,3:30 AM,36,30,81,SSE,7,0,29.57,0.0,Fair
2018-01-26,4:00 AM,37,30,75,S,6,0,29.57,0.0,Fair
2018-01-26,4:30 AM,37,32,81,S,6,0,29.57,0.0,Fair
2018-01-26,5:00 AM,37,30,75,S,3,0,29.57,0.0,Fair
2018-01-26,5:30 AM,37,30,75,SSE,5,0,29.57,0.0,Fair
2018-01-26,6:00 AM,32,27,80,VAR,2,0,29.57,0.0,Fair
2018-01-26,6:30 AM,32,28,87,SE,6,0,29.57,0.0,Fair
2018-01-26,7:00 AM,32,28,87,SE,6,0,29.57,0.0,Fair
2018-01-26,7:30 AM,32,30,93,ESE,8,0,29.57,0.0,Fair
2018-01-26,8:00 AM,34,32,93,ESE,6,0,29.57,0.0,Fair
2018-01-26,8:30 AM,32,30,93,ESE,7,0,29.57,0.0,Fair
2018-01-26,9:00 AM,34,32,93,SSE,6,0,29.57,0.0,Fair
2018-01-26,9:30 AM,36,32,87,SE,7,0,29.57,0.0,Fair
2018-01-26,10:00 AM,37,34,87,SE,6,0,29.60,0.0,Fair
2018-01-26,10:30 AM,37,34,87,ESE,6,0,29.60,0.0,Fair
2018-01-26,11:00 AM,39,34,81,SE,8,0,29.60,0.0,Fair
2018-01-26,11:30 AM,41,34,76,SE,3,0,29.60,0.0,Fair
2018-01-26,12:00 PM,41,36,81,SE,5,0,29.60,0.0,Fair
2018-01-26,12:30 PM,43,36,76,SE,5,0,29.60,0.0,Fair
2018-01-26,1:00 PM,43,36,76,SE,5,0,29.60,0.0,Fair
2018-01-26,1:30 PM,45,36,71,ESE,6,0,29.60,0.0,Fair
2018-01-26,2:00 PM,45,36,71,SE,5,0,29.60,0.0,Fair
2018-01-26,2:30 PM,45,37,76,SSE,6,0,29.63,0.0,Fair
2018-01-26,3:00 PM,45,37,76,VAR,2,0,29.63,0.0,Fair
2018-01-26,3:30 PM,45,37,76,VAR,2,0,29.63,0.0,Fair
2018-01-26,4:00 PM,43,37,81,SE,1,0,29.63,0.0,Fair
2018-01-26,4:30 PM,43,37,81,SE,1,0,29.66,0.0,Fair
2018-01-26,5:00 PM,41,36,81,VAR,1,0,29.66,0.0,Fair
2018-01-26,5:30 PM,39,36,87,VAR,2,0,29.66,0.0,Fair
2018-01-26,6:00 PM,39,36,87,VAR,1,0,29.69,0.0,Fair
2018-01-26,6:30 PM,36,34,93,W,2,0,29.69,0.0,Fair
2018-01-26,7:00 PM,36,34,93,VAR,2,0,29.69,0.0,Fair
2018-01-26,7:30 PM,37,36,93,WSW,3,0,29.72,0.0,Partly Cloudy
2018-01-26,8:00 PM,37,34,87,WSW,8,0,29.72,0.0,Mostly Cloudy
2018-01-26,8:30 PM,37,32,81,W,7,0,29.75,0.0,Mostly Cloudy
2018-01-26,9:00 PM,37,32,81,SW,5,0,29.75,0.0,Mostly Cloudy
2018-01-26,9:30 PM,39,34,81,SW,7,0,29.75,0.0,Mostly Cloudy
2018-01-26,10:00 PM,39,34,81,SW,6,0,29.75,0.0,Mostly Cloudy
2018-01-26,10:30 PM,39,34,81,SW,3,0,29.78,0.0,Mostly Cloudy
2018-01-26,11:00 PM,39,34,81,W,6,0,29.78,0.0,Mostly Cloudy
2018-01-26,11:30 PM,39,34,81,WSW,8,0,29.78,0.0,Mostly Cloudy
2018-01-27,12:00 AM,39,34,81,WSW,8,0,29.81,0.0,Mostly Cloudy
2018-01-27,12:30 AM,39,36,87,WSW,7,0,29.81,0.0,Mostly Cloudy
2018-01-27,1:00 AM,39,36,87,WSW,6,0,29.81,0.0,Cloudy
2018-01-27,1:30 AM,39,36,87,SW,7,0,29.84,0.0,Mostly Cloudy
2018-01-27,2:00 AM,39,36,87,WSW,8,0,29.84,0.0,Mostly Cloudy
2018-01-27,2:30 AM,39,36,87,WSW,8,0,29.84,0.0,Cloudy
2018-01-27,3:00 AM,39,36,87,WSW,8,0,29.84,0.0,Mostly Cloudy
2018-01-27,3:30 AM,39,36,87,W,6,0,29.84,0.0,Cloudy
2018-01-27,4:00 AM,39,36,87,W,6,0,29.84,0.0,Mostly Cloudy
2018-01-27,4:30 AM,39,36,87,W,3,0,29.87,0.0,Mostly Cloudy
2018-01-27,5:00 AM,39,37,93,WNW,2,0,29.87,0.0,Mist
2018-01-27,5:30 AM,39,37,93,WNW,3,0,29.87,0.0,Mist
2018-01-27,6:00 AM,39,39,100,WNW,6,0,29.89,0.0,Light Rain
2018-01-27,6:30 AM,41,39,93,WNW,6,0,29.89,0.0,Light Rain
2018-01-27,7:00 AM,39,39,100,NW,7,0,29.92,0.0,Light Rain
2018-01-27,7:30 AM,39,39,100,WNW,6,0,29.92,0.0,Light Rain
2018-01-27,8:00 AM,39,39,100,WNW,3,0,29.92,0.0,Light Rain
2018-01-27,8:30 AM,39,39,100,W,3,0,29.95,0.0,Light Rain
2018-01-27,9:00 AM,41,39,93,W,5,0,29.95,0.0,Light Rain
2018-01-27,9:30 AM,41,39,93,W,5,0,29.98,0.0,Light Rain
2018-01-27,10:00 AM,41,41,100,WNW,6,0,29.98,0.0,Light Rain
2018-01-27,10:30 AM,41,41,100,WNW,6,0,29.98,0.0,Light Rain
2018-01-27,11:00 AM,41,41,100,W,5,0,29.98,0.0,Light Rain
2018-01-27,11:30 AM,43,41,93,W,3,0,29.98,0.0,Light Rain
2018-01-27,12:00 PM,43,41,93,WSW,3,0,29.98,0.0,Mostly Cloudy
2018-01-27,12:30 PM,43,41,93,W,5,0,30.01,0.0,Mostly Cloudy
2018-01-27,1:00 PM,43,41,93,WNW,5,0,30.01,0.0,Light Rain
2018-01-27,1:30 PM,43,41,93,W,3,0,30.01,0.0,Light Rain
2018-01-27,2:00 PM,43,41,93,W,3,0,30.01,0.0,Mostly Cloudy
2018-01-27,2:30 PM,43,41,93,W,3,0,30.01,0.0,Mostly Cloudy
2018-01-27,3:00 PM,45,41,87,VAR,2,0,30.01,0.0,Mostly Cloudy
2018-01-27,3:30 PM,45,41,87,VAR,1,0,30.01,0.0,Mostly Cloudy
2018-01-27,4:00 PM,45,41,87,VAR,1,0,30.01,0.0,Mostly Cloudy
2018-01-27,4:30 PM,43,41,93,VAR,2,0,30.01,0.0,Mostly Cloudy
2018-01-27,5:00 PM,43,41,93,SW,2,0,30.04,0.0,Light Rain
2018-01-27,5:30 PM,43,41,93,VAR,2,0,30.04,0.0,Light Rain
2018-01-27,6:00 PM,43,41,93,WSW,3,0,30.04,0.0,Mostly Cloudy
2018-01-27,6:30 PM,43,41,93,W,3,0,30.04,0.0,Mostly Cloudy
2018-01-27,7:00 PM,41,41,100,WNW,3,0,30.04,0.0,Mostly Cloudy
2018-01-27,7:30 PM,43,41,93,WSW,3,0,30.04,0.0,Mostly Cloudy
2018-01-27,8:00 PM,41,41,100,WSW,3,0,30.04,0.0,Light Rain
2018-01-27,8:30 PM,41,41,100,W,3,0,30.04,0.0,Mist
2018-01-27,9:00 PM,41,41,100,SSW,3,0,30.04,0.0,Mist
2018-01-27,9:30 PM,41,41,100,S,5,0,30.01,0.0,Mist
2018-01-27,10:00 PM,41,39,93,S,5,0,30.01,0.0,Mist
2018-01-27,10:30 PM,41,39,93,SSW,6,0,30.01,0.0,Mist
2018-01-27,11:00 PM,41,39,93,SSW,5,0,30.01,0.0,Mist
2018-01-27,11:30 PM,39,39,100,SSW,5,0,30.01,0.0,Mist
2018-01-28,12:00 AM,41,39,93,SSW,7,0,30.01,0.0,Mist
2018-01-28,12:30 AM,39,37,93,SW,6,0,30.01,0.0,Mist
2018-01-28,1:00 AM,39,36,87,SW,8,0,29.98,0.0,Fair
2018-01-28,1:30 AM,39,36,87,SSW,8,0,29.95,0.0,Fair
2018-01-28,2:00 AM,39,36,87,SSW,8,0,29.95,0.0,Fair
2018-01-28,2:30 AM,39,34,81,SW,10,0,29.95,0.0,Fair
2018-01-28,3:00 AM,39,34,81,SSW,9,0,29.92,0.0,Fair
2018-01-28,3:30 AM,39,34,81,SSW,9,0,29.89,0.0,Fair
2018-01-28,4:00 AM,39,34,81,SW,10,0,29.89,0.0,Fair
2018-01-28,4:30 AM,39,34,81,SSW,10,0,29.87,0.0,Fair
2018-01-28,5:00 AM,41,34,76,SW,14,0,29.84,0.0,Fair
2018-01-28,5:30 AM,41,34,76,SW,15,0,29.84,0.0,Fair
2018-01-28,6:00 AM,41,34,76,SW,14,0,29.81,0.0,Fair
2018-01-28,6:30 AM,41,34,76,SW,15,0,29.81,0.0,Fair
2018-01-28,7:00 AM,41,34,76,SW,14,0,29.81,0.0,Fair
2018-01-28,7:30 AM,43,34,70,SW,15,0,29.81,0.0,Light Rain
2018-01-28,8:00 AM,43,34,70,WSW,13,0,29.81,0.0,Mostly Cloudy
2018-01-28,8:30 AM,41,36,81,WSW,12,0,29.81,0.0,Mostly Cloudy
2018-01-28,9:00 AM,41,36,81,WSW,10,0,29.84,0.0,Light Rain
2018-01-28,9:30 AM,43,37,81,WSW,9,0,29.84,0.0,Mostly Cloudy
2018-01-28,10:00 AM,46,37,71,W,21,0,29.84,0.0,Mostly Cloudy / Windy
2018-01-28,10:30 AM,46,39,76,W,20,31,29.84,0.0,Mostly Cloudy
2018-01-28,11:00 AM,46,39,76,W,23,0,29.87,0.0,Mostly Cloudy / Windy
2018-01-28,11:30 AM,46,39,76,W,22,0,29.87,0.0,Mostly Cloudy / Windy
2018-01-28,12:00 PM,46,39,76,W,23,0,29.87,0.0,Mostly Cloudy / Windy
2018-01-28,12:30 PM,45,41,87,W,21,0,29.87,0.0,Mostly Cloudy / Windy
2018-01-28,1:00 PM,46,41,81,W,17,0,29.87,0.0,Mostly Cloudy
2018-01-28,1:30 PM,46,41,81,W,16,0,29.87,0.0,Mostly Cloudy
2018-01-28,2:00 PM,48,41,76,W,18,0,29.87,0.0,Mostly Cloudy
2018-01-28,2:30 PM,48,39,71,W,18,0,29.87,0.0,Mostly Cloudy
2018-01-28,3:00 PM,48,39,71,W,15,0,29.84,0.0,Mostly Cloudy
2018-01-28,3:30 PM,46,39,76,W,15,0,29.84,0.0,Mostly Cloudy
2018-01-28,4:00 PM,48,39,71,W,13,0,29.84,0.0,Light Rain
2018-01-28,4:30 PM,48,39,71,W,16,0,29.84,0.0,Mostly Cloudy
2018-01-28,5:00 PM,48,39,71,W,15,0,29.84,0.0,Mostly Cloudy
2018-01-28,5:30 PM,48,39,71,W,18,0,29.84,0.0,Mostly Cloudy
2018-01-28,6:00 PM,48,39,71,W,17,0,29.84,0.0,Light Rain
2018-01-28,6:30 PM,48,39,71,W,16,0,29.84,0.0,Mostly Cloudy
2018-01-28,7:00 PM,48,39,71,W,17,0,29.84,0.0,Mostly Cloudy
2018-01-28,7:30 PM,48,39,71,W,14,0,29.84,0.0,Mostly Cloudy
2018-01-28,8:00 PM,48,37,66,W,16,0,29.84,0.0,Mostly Cloudy
2018-01-28,8:30 PM,48,39,71,W,18,30,29.84,0.0,Mostly Cloudy
2018-01-28,9:00 PM,48,37,66,W,18,0,29.84,0.0,Partly Cloudy
2018-01-28,9:30 PM,48,37,66,W,17,0,29.84,0.0,Mostly Cloudy
2018-01-28,10:00 PM,48,37,66,W,16,0,29.84,0.0,Mostly Cloudy
2018-01-28,10:30 PM,48,37,66,W,20,0,29.84,0.0,Mostly Cloudy
2018-01-28,11:00 PM,48,37,66,W,18,0,29.81,0.0,Mostly Cloudy
2018-01-28,11:30 PM,48,37,66,W,18,0,29.81,0.0,Mostly Cloudy
2018-01-29,12:00 AM,48,39,71,W,14,0,29.81,0.0,Mostly Cloudy
2018-01-29,12:30 AM,48,39,71,W,17,0,29.81,0.0,Mostly Cloudy
2018-01-29,1:00 AM,48,41,76,W,16,0,29.81,0.0,Mostly Cloudy
2018-01-29,1:30 AM,48,41,76,W,20,0,29.81,0.0,Mostly Cloudy
2018-01-29,2:00 AM,48,41,76,W,16,0,29.78,0.0,Mostly Cloudy
2018-01-29,2:30 AM,48,43,82,W,14,0,29.78,0.0,Cloudy
2018-01-29,3:00 AM,48,43,82,W,16,0,29.78,0.0,Mostly Cloudy
2018-01-29,3:30 AM,48,43,82,W,16,0,29.78,0.0,Cloudy
2018-01-29,4:00 AM,48,43,82,W,16,0,29.78,0.0,Cloudy
2018-01-29,4:30 AM,48,43,82,W,17,0,29.78,0.0,Mostly Cloudy
2018-01-29,5:00 AM,48,43,82,W,17,0,29.78,0.0,Mostly Cloudy
2018-01-29,5:30 AM,48,43,82,W,17,0,29.78,0.0,Mostly Cloudy
2018-01-29,6:00 AM,50,43,76,W,20,0,29.78,0.0,Mostly Cloudy
2018-01-29,6:30 AM,50,43,76,W,21,0,29.78,0.0,Mostly Cloudy / Windy
2018-01-29,7:00 AM,50,43,76,W,16,0,29.75,0.0,Mostly Cloudy
2018-01-29,7:30 AM,50,43,76,W,15,0,29.75,0.0,Mostly Cloudy
2018-01-29,8:00 AM,50,43,76,W,14,0,29.75,0.0,Mostly Cloudy
2018-01-29,8:30 AM,50,43,76,W,15,0,29.75,0.0,Mostly Cloudy
2018-01-29,9:00 AM,50,43,76,W,16,0,29.75,0.0,Mostly Cloudy
2018-01-29,9:30 AM,50,43,76,W,16,0,29.75,0.0,Mostly Cloudy
2018-01-29,10:00 AM,50,43,76,WSW,9,0,29.75,0.0,Mostly Cloudy
2018-01-29,10:30 AM,50,41,71,WSW,12,0,29.75,0.0,Mostly Cloudy
2018-01-29,11:00 AM,50,41,71,W,13,0,29.75,0.0,Mostly Cloudy
2018-01-29,11:30 AM,52,43,71,W,10,0,29.72,0.0,Mostly Cloudy
2018-01-29,12:00 PM,52,41,67,W,17,29,29.72,0.0,Mostly Cloudy
2018-01-29,12:30 PM,54,41,62,WNW,23,0,29.69,0.0,Mostly Cloudy / Windy
2018-01-29,1:00 PM,52,39,62,W,23,0,29.69,0.0,Mostly Cloudy / Windy
2018-01-29,1:30 PM,52,39,62,W,23,0,29.69,0.0,Mostly Cloudy / Windy
2018-01-29,2:00 PM,52,39,62,W,21,35,29.66,0.0,Mostly Cloudy / Windy
2018-01-29,2:30 PM,52,39,62,W,22,36,29.66,0.0,Mostly Cloudy / Windy
2018-01-29,3:00 PM,52,39,62,W,21,33,29.66,0.0,Mostly Cloudy / Windy
2018-01-29,3:30 PM,52,39,62,W,22,0,29.63,0.0,Mostly Cloudy / Windy
2018-01-29,4:00 PM,52,39,62,W,18,32,29.63,0.0,Mostly Cloudy
2018-01-29,4:30 PM,52,39,62,W,18,0,29.63,0.0,Mostly Cloudy
2018-01-29,5:00 PM,52,39,62,W,16,0,29.63,0.0,Mostly Cloudy
2018-01-29,5:30 PM,50,39,66,W,16,0,29.60,0.0,Mostly Cloudy
2018-01-29,6:00 PM,52,37,58,W,17,0,29.60,0.0,Mostly Cloudy
2018-01-29,6:30 PM,52,37,58,W,20,31,29.60,0.0,Mostly Cloudy
2018-01-29,7:00 PM,50,39,66,W,15,0,29.57,0.0,Mostly Cloudy
2018-01-29,7:30 PM,48,39,71,SW,10,0,29.57,0.0,Mostly Cloudy
2018-01-29,8:00 PM,48,39,71,SW,12,0,29.57,0.0,Mostly Cloudy
2018-01-29,8:30 PM,48,39,71,WSW,13,0,29.57,0.0,Partly Cloudy
2018-01-29,9:00 PM,50,39,66,W,17,29,29.55,0.0,Fair
2018-01-29,9:30 PM,52,37,58,W,18,0,29.55,0.0,Fair
2018-01-29,10:00 PM,50,37,62,W,18,0,29.52,0.0,Mostly Cloudy
2018-01-29,10:30 PM,50,37,62,W,18,0,29.52,0.0,Mostly Cloudy
2018-01-29,11:00 PM,50,39,66,W,20,0,29.52,0.0,Light Rain Shower
2018-01-29,11:30 PM,50,39,66,W,21,0,29.52,0.0,Mostly Cloudy / Windy
